2025-11-17 00:00:21,121.2,121.2,127.0,047,60.0,2.28,38.4,00000001
2025-11-17 00:00:52,121.4,121.2,127.0,046,60.0,2.28,38.6,00000001
2025-11-17 00:01:23,122.5,122.3,127.2,047,60.0,2.28,38.7,00000001
2025-11-17 00:01:54,122.4,122.2,127.0,049,60.0,2.28,38.7,00000001
2025-11-17 00:02:25,122.4,122.4,127.4,047,59.9,2.28,38.8,00000001
2025-11-17 00:02:56,121.6,121.6,127.2,048,60.0,2.28,38.9,00000001
2025-11-17 00:03:27,121.3,121.3,127.0,047,59.9,2.28,38.8,00000001
2025-11-17 00:03:58,121.4,121.4,127.0,047,60.0,2.27,38.5,00000001
2025-11-17 00:04:29,121.3,121.3,126.7,047,59.9,2.28,38.2,00000001
2025-11-17 00:05:00,121.5,121.5,126.7,047,59.8,2.28,37.8,00000001
2025-11-17 00:05:31,121.7,121.7,127.0,048,59.9,2.28,37.5,00000001
2025-11-17 00:06:02,121.6,121.6,127.4,047,60.0,2.28,37.2,00000001
2025-11-17 00:06:33,121.6,121.6,127.2,047,59.8,2.28,37.1,00000001
2025-11-17 00:07:04,121.6,121.0,127.2,047,59.9,2.28,36.9,00000001
2025-11-17 00:07:35,122.5,122.1,127.4,047,59.9,2.28,36.8,00000001
2025-11-17 00:08:06,122.6,122.6,126.7,045,60.1,2.28,36.8,00000001
2025-11-17 00:08:37,122.3,122.3,127.0,047,60.1,2.28,36.9,00000001
2025-11-17 00:09:08,122.4,122.6,126.7,047,60.0,2.27,37.0,00000001
2025-11-17 00:09:39,122.3,122.0,127.2,048,60.0,2.28,37.1,00000001
2025-11-17 00:10:10,122.4,122.5,127.2,047,60.0,2.28,37.3,00000001
2025-11-17 00:10:41,122.3,122.7,126.7,047,60.0,2.28,37.4,00000001
2025-11-17 00:11:12,122.3,122.4,127.0,046,59.9,2.28,37.5,00000001
2025-11-17 00:11:43,122.4,122.3,127.0,047,59.9,2.28,37.6,00000001
2025-11-17 00:12:14,122.5,122.2,127.0,048,60.0,2.28,37.8,00000001
2025-11-17 00:12:45,122.7,122.4,126.7,046,60.1,2.28,38.0,00000001
2025-11-17 00:13:16,121.5,121.3,127.0,047,59.9,2.28,38.1,00000001
2025-11-17 00:13:47,121.5,121.3,127.0,046,60.0,2.28,38.3,00000001
2025-11-17 00:14:18,121.6,121.4,127.0,047,60.1,2.27,38.4,00000001
2025-11-17 00:14:50,121.4,121.2,127.0,046,60.0,2.28,38.5,00000001
2025-11-17 00:15:21,122.8,122.8,127.4,047,60.0,2.28,38.6,00000001
2025-11-17 00:15:52,122.6,122.9,127.0,047,60.0,2.28,38.7,00000001
2025-11-17 00:16:23,122.4,122.6,127.0,048,60.0,2.28,38.8,00000001
2025-11-17 00:16:54,122.4,122.5,127.2,047,60.0,2.28,38.9,00000001
2025-11-17 00:17:25,121.7,121.6,127.0,047,60.0,2.28,38.9,00000001
2025-11-17 00:17:56,121.4,121.7,127.2,047,59.9,2.28,38.8,00000001
2025-11-17 00:18:27,121.6,121.9,127.0,046,60.0,2.28,38.5,00000001
2025-11-17 00:18:58,121.4,121.4,127.2,047,59.9,2.28,38.2,00000001
2025-11-17 00:19:29,121.5,121.5,127.4,047,59.9,2.28,37.8,00000001
2025-11-17 00:20:00,121.5,121.5,126.5,046,59.9,2.28,37.5,00000001
2025-11-17 00:20:31,121.4,121.4,126.7,046,59.9,2.28,37.2,00000001
2025-11-17 00:21:02,121.5,121.5,126.7,046,59.9,2.28,37.0,00000001
2025-11-17 00:21:33,121.5,121.5,127.0,047,59.9,2.28,36.8,00000001
2025-11-17 00:22:04,122.6,122.6,127.2,046,60.0,2.28,36.7,00000001
2025-11-17 00:22:35,122.5,122.5,127.0,046,59.9,2.28,36.7,00000001
2025-11-17 00:23:06,122.4,122.3,126.5,046,60.0,2.28,36.8,00000001
2025-11-17 00:23:37,122.4,122.6,127.2,047,59.9,2.28,36.9,00000001
2025-11-17 00:24:08,122.5,122.5,127.0,046,60.1,2.27,37.1,00000001
2025-11-17 00:24:39,122.3,122.6,127.0,047,59.9,2.28,37.2,00000001
2025-11-17 00:25:10,122.5,122.6,127.0,046,60.0,2.28,37.3,00000001
2025-11-17 00:25:41,122.6,122.9,127.4,047,59.9,2.28,37.5,00000001
2025-11-17 00:26:12,122.7,122.6,127.0,046,59.9,2.28,37.6,00000001
2025-11-17 00:26:43,121.7,121.6,126.7,047,59.9,2.28,37.7,00000001
2025-11-17 00:27:14,121.9,121.7,127.4,046,60.1,2.28,37.9,00000001
2025-11-17 00:27:45,122.0,121.9,127.0,047,59.9,2.28,38.0,00000001
2025-11-17 00:28:16,122.0,122.1,127.0,047,60.1,2.28,38.2,00000001
2025-11-17 00:28:47,123.0,122.8,127.0,047,60.0,2.28,38.3,00000001
2025-11-17 00:29:18,123.2,123.3,127.2,047,60.1,2.27,38.4,00000001
2025-11-17 00:29:49,123.1,123.3,127.2,047,60.0,2.28,38.5,00000001
2025-11-17 00:30:20,123.1,123.1,126.7,047,60.0,2.28,38.6,00000001
2025-11-17 00:30:51,123.4,123.3,126.7,046,60.0,2.28,38.7,00000001
2025-11-17 00:31:22,123.4,123.4,126.7,048,60.0,2.28,38.7,00000001
2025-11-17 00:31:53,122.3,122.3,127.0,047,59.9,2.28,38.8,00000001
2025-11-17 00:32:25,122.3,122.3,127.0,046,60.0,2.28,38.8,00000001
2025-11-17 00:32:56,122.4,122.3,127.2,047,59.9,2.28,38.5,00000001
2025-11-17 00:33:27,122.2,122.4,127.2,047,59.9,2.28,38.3,00000001
2025-11-17 00:33:58,122.0,122.2,127.0,046,59.9,2.28,37.8,00000001
2025-11-17 00:34:29,122.1,122.2,127.2,046,60.0,2.27,37.5,00000001
2025-11-17 00:35:00,122.4,122.3,126.7,046,60.1,2.28,37.2,00000001
2025-11-17 00:35:31,122.3,122.3,127.0,046,60.0,2.28,37.0,00000001
2025-11-17 00:36:02,122.1,122.1,127.2,047,59.9,2.28,36.7,00000001
2025-11-17 00:36:33,123.3,123.3,127.2,047,60.0,2.28,36.5,00000001
2025-11-17 00:37:04,123.3,123.3,127.0,047,60.0,2.28,36.5,00000001
2025-11-17 00:37:35,122.8,122.8,127.0,046,59.9,2.28,36.7,00000001
2025-11-17 00:38:06,123.4,123.4,127.0,046,59.9,2.28,36.8,00000001
2025-11-17 00:38:37,123.0,123.0,127.0,047,59.9,2.28,37.0,00000001
2025-11-17 00:39:08,123.0,123.0,127.0,046,59.9,2.27,37.1,00000001
2025-11-17 00:39:39,122.6,123.1,126.7,047,60.1,2.28,37.2,00000001
2025-11-17 00:40:10,122.4,122.3,127.0,047,60.0,2.28,37.4,00000001
2025-11-17 00:40:41,121.9,121.7,127.2,048,59.9,2.28,37.5,00000001
2025-11-17 00:41:12,122.1,122.1,127.0,046,59.9,2.28,37.7,00000001
2025-11-17 00:41:43,122.1,122.0,127.0,047,59.9,2.28,37.9,00000001
2025-11-17 00:42:14,123.3,123.2,127.2,046,60.0,2.28,38.1,00000001
2025-11-17 00:42:45,123.0,123.3,126.7,047,59.9,2.28,38.2,00000001
2025-11-17 00:43:16,123.0,122.8,126.7,047,60.0,2.28,38.3,00000001
2025-11-17 00:43:47,123.0,123.0,126.7,047,60.0,2.28,38.5,00000001
2025-11-17 00:44:18,123.1,123.0,127.2,047,59.9,2.27,38.5,00000001
2025-11-17 00:44:49,122.9,122.9,126.5,047,59.9,2.28,38.6,00000001
2025-11-17 00:45:20,123.3,123.0,126.7,047,60.2,2.28,38.7,00000001
2025-11-17 00:45:51,123.3,123.2,127.2,047,60.0,2.28,38.8,00000001
2025-11-17 00:46:22,122.1,122.0,127.2,047,60.0,2.28,38.9,00000001
2025-11-17 00:46:53,122.0,122.2,127.0,048,59.9,2.28,38.8,00000001
2025-11-17 00:47:24,122.1,122.1,127.0,048,59.9,2.28,38.5,00000001
2025-11-17 00:47:55,122.0,122.1,127.0,046,60.0,2.28,38.1,00000001
2025-11-17 00:48:26,122.3,122.1,127.0,047,59.9,2.28,37.8,00000001
2025-11-17 00:48:57,122.1,122.0,127.2,046,60.0,2.28,37.6,00000001
2025-11-17 00:49:28,122.3,121.9,127.2,047,60.1,2.28,37.3,00000001
2025-11-17 00:49:59,122.4,122.2,127.0,047,59.9,2.28,37.1,00000001
2025-11-17 00:50:31,122.6,122.3,127.0,047,60.1,2.28,36.8,00000001
2025-11-17 00:51:02,123.5,123.5,127.4,047,59.9,2.28,36.6,00000001
2025-11-17 00:51:33,123.5,123.4,127.4,047,59.9,2.28,36.6,00000001
2025-11-17 00:52:04,123.0,123.1,127.0,047,59.9,2.28,36.7,00000001
2025-11-17 00:52:35,123.3,123.3,127.0,047,60.1,2.28,36.9,00000001
2025-11-17 00:53:06,121.9,121.9,127.0,046,60.0,2.28,37.0,00000001
2025-11-17 00:53:37,121.8,121.8,127.2,047,59.9,2.28,37.1,00000001
2025-11-17 00:54:08,122.0,122.0,127.0,048,60.0,2.28,37.3,00000001
2025-11-17 00:54:39,122.0,122.0,127.2,046,60.1,2.27,37.4,00000001
2025-11-17 00:55:10,123.3,123.3,127.2,046,60.0,2.28,37.5,00000001
2025-11-17 00:55:41,123.0,123.0,127.0,046,59.9,2.28,37.7,00000001
2025-11-17 00:56:12,123.1,123.1,127.2,047,59.9,2.28,37.8,00000001
2025-11-17 00:56:43,123.1,123.2,127.0,047,60.0,2.28,38.0,00000001
2025-11-17 00:57:14,122.7,122.8,127.2,047,59.9,2.28,38.1,00000001
2025-11-17 00:57:45,122.8,122.8,127.0,047,59.9,2.28,38.3,00000001
2025-11-17 00:58:16,123.0,123.1,127.2,047,60.1,2.28,38.4,00000001
2025-11-17 00:58:47,123.0,123.1,127.2,048,60.0,2.28,38.5,00000001
2025-11-17 00:59:18,123.1,123.1,127.2,048,60.0,2.28,38.6,00000001
2025-11-17 00:59:49,123.1,123.0,127.0,048,59.9,2.28,38.7,00000001
2025-11-17 01:00:20,123.1,123.1,127.0,046,60.0,2.28,38.7,00000001
2025-11-17 01:00:51,123.1,123.1,127.0,047,59.9,2.28,38.8,00000001
2025-11-17 01:01:22,122.3,122.3,127.2,046,59.9,2.28,38.8,00000001
2025-11-17 01:01:53,122.1,122.1,127.2,046,59.9,2.28,38.6,00000001
2025-11-17 01:02:24,122.0,122.1,126.7,047,59.9,2.28,38.3,00000001
2025-11-17 01:02:55,122.1,122.0,126.7,047,59.9,2.28,38.0,00000001
2025-11-17 01:03:26,122.2,122.4,126.7,047,60.0,2.28,37.6,00000001
2025-11-17 01:03:57,121.9,122.2,127.0,047,59.8,2.28,37.3,00000001
2025-11-17 01:04:28,122.1,122.2,126.5,047,60.0,2.27,37.0,00000001
2025-11-17 01:04:59,122.2,122.1,127.0,047,59.9,2.28,36.8,00000001
2025-11-17 01:05:30,123.3,123.4,126.7,047,59.9,2.28,36.7,00000001
2025-11-17 01:06:01,122.0,122.0,126.7,046,59.9,2.28,36.5,00000001
2025-11-17 01:06:32,122.0,122.0,127.0,047,60.0,2.28,36.5,00000001
2025-11-17 01:07:03,121.9,122.0,126.7,047,59.9,2.28,36.7,00000001
2025-11-17 01:07:34,122.0,122.2,127.4,046,59.9,2.28,36.8,00000001
2025-11-17 01:08:05,123.3,123.4,127.2,046,60.1,2.28,37.0,00000001
2025-11-17 01:08:37,123.3,123.3,127.0,047,60.0,2.28,37.2,00000001
2025-11-17 01:09:08,122.9,123.1,127.0,046,59.9,2.28,37.3,00000001
2025-11-17 01:09:39,123.2,123.3,127.2,048,60.0,2.27,37.4,00000001
2025-11-17 01:10:10,122.9,122.9,127.0,047,59.9,2.28,37.5,00000001
2025-11-17 01:10:41,122.8,122.8,127.4,046,59.9,2.28,37.7,00000001
2025-11-17 01:11:12,123.3,123.3,127.0,047,60.0,2.28,37.8,00000001
2025-11-17 01:11:43,123.3,123.3,126.7,046,59.9,2.28,38.0,00000001
2025-11-17 01:12:14,123.4,123.4,127.2,048,60.0,2.28,38.2,00000001
2025-11-17 01:12:45,123.4,123.4,127.0,047,59.9,2.28,38.3,00000001
2025-11-17 01:13:16,123.6,123.6,127.0,046,60.0,2.28,38.4,00000001
2025-11-17 01:13:47,123.5,123.5,127.0,046,60.0,2.28,38.5,00000001
2025-11-17 01:14:18,123.5,123.5,127.2,047,59.9,2.28,38.6,00000001
2025-11-17 01:14:49,123.5,123.5,126.7,046,59.9,2.28,38.7,00000001
2025-11-17 01:15:20,123.5,123.5,127.0,046,60.0,2.28,38.7,00000001
2025-11-17 01:15:51,122.7,122.9,126.7,046,59.9,2.28,38.8,00000001
2025-11-17 01:16:22,122.3,122.5,127.2,047,59.9,2.28,38.6,00000001
2025-11-17 01:16:53,122.3,122.3,126.5,047,59.9,2.28,38.3,00000001
2025-11-17 01:17:24,122.1,122.4,127.2,047,59.9,2.28,38.0,00000001
2025-11-17 01:17:55,122.6,122.4,127.4,047,60.1,2.28,37.6,00000001
2025-11-17 01:18:26,122.4,122.5,127.0,047,60.0,2.28,37.2,00000001
2025-11-17 01:18:57,122.2,122.3,127.0,046,59.9,2.28,37.0,00000001
2025-11-17 01:19:28,122.6,122.2,127.0,047,60.0,2.28,36.8,00000001
2025-11-17 01:19:59,121.2,121.3,127.0,046,59.9,2.28,36.7,00000001
2025-11-17 01:20:30,122.2,122.3,127.4,047,59.9,2.28,36.6,00000001
2025-11-17 01:21:01,122.2,122.5,127.0,046,60.0,2.28,36.6,00000001
2025-11-17 01:21:32,122.3,122.3,127.0,047,60.0,2.28,36.8,00000001
2025-11-17 01:22:03,123.5,123.4,127.0,046,60.0,2.28,36.9,00000001
2025-11-17 01:22:34,123.5,123.5,127.2,046,60.0,2.28,37.0,00000001
2025-11-17 01:23:05,123.5,123.5,126.7,046,60.0,2.28,37.2,00000001
2025-11-17 01:23:36,123.6,123.4,127.2,046,60.0,2.28,37.2,00000001
2025-11-17 01:24:07,123.1,123.4,127.2,046,59.9,2.28,37.3,00000001
2025-11-17 01:24:38,123.3,123.4,127.0,046,60.0,2.27,37.5,00000001
2025-11-17 01:25:09,123.4,123.3,127.0,047,60.0,2.28,37.6,00000001
2025-11-17 01:25:40,123.7,123.3,127.0,047,60.0,2.28,37.8,00000001
2025-11-17 01:26:11,123.6,123.4,127.0,047,60.0,2.28,38.0,00000001
2025-11-17 01:26:42,123.2,123.3,127.0,047,59.9,2.28,38.1,00000001
2025-11-17 01:27:14,123.5,123.1,126.7,048,59.9,2.28,38.3,00000001
2025-11-17 01:27:45,123.3,123.3,127.0,046,60.1,2.28,38.4,00000001
2025-11-17 01:28:16,123.4,123.4,127.2,045,60.0,2.28,38.5,00000001
2025-11-17 01:28:47,123.4,123.4,126.7,047,60.0,2.28,38.6,00000001
2025-11-17 01:29:18,123.5,123.5,127.0,047,59.9,2.28,38.7,00000001
2025-11-17 01:29:49,123.5,123.5,127.4,046,60.0,2.27,38.7,00000001
2025-11-17 01:30:20,122.4,122.4,126.7,048,59.9,2.28,38.8,00000001
2025-11-17 01:30:51,122.7,122.7,127.2,046,60.0,2.28,38.7,00000001
2025-11-17 01:31:22,122.7,122.6,126.7,046,60.0,2.28,38.4,00000001
2025-11-17 01:31:53,122.7,122.5,127.0,046,60.0,2.28,38.1,00000001
2025-11-17 01:32:24,122.7,122.6,127.2,046,59.9,2.28,37.8,00000001
2025-11-17 01:32:55,122.6,122.6,126.7,046,60.0,2.28,37.4,00000001
2025-11-17 01:33:26,121.3,121.3,126.7,047,59.9,2.28,37.2,00000001
2025-11-17 01:33:57,121.1,120.9,127.2,047,59.9,2.28,36.9,00000001
2025-11-17 01:34:28,121.2,121.2,127.0,047,60.0,2.28,36.7,00000001
2025-11-17 01:34:59,122.0,121.8,127.0,047,59.9,2.27,36.6,00000001
2025-11-17 01:35:30,123.4,123.3,127.0,047,60.2,2.28,36.6,00000001
2025-11-17 01:36:01,123.2,123.1,127.2,046,60.0,2.28,36.6,00000001
2025-11-17 01:36:32,123.3,123.4,127.0,047,59.9,2.28,36.8,00000001
2025-11-17 01:37:03,123.2,123.2,127.0,047,60.0,2.28,36.9,00000001
2025-11-17 01:37:34,123.0,123.2,127.0,047,59.9,2.28,37.0,00000001
2025-11-17 01:38:05,123.2,123.3,126.5,046,59.9,2.28,37.2,00000001
2025-11-17 01:38:36,123.1,123.3,127.4,047,59.9,2.28,37.3,00000001
2025-11-17 01:39:07,123.1,123.5,126.7,047,59.9,2.28,37.4,00000001
2025-11-17 01:39:38,123.3,123.5,127.0,045,59.9,2.28,37.6,00000001
2025-11-17 01:40:09,123.1,123.2,127.2,046,59.9,2.28,37.7,00000001
2025-11-17 01:40:40,123.2,123.1,127.0,046,59.9,2.28,37.9,00000001
2025-11-17 01:41:11,123.3,123.2,127.0,048,59.9,2.28,38.0,00000001
2025-11-17 01:41:42,123.4,123.0,127.0,047,60.0,2.28,38.2,00000001
2025-11-17 01:42:13,123.7,123.6,127.2,046,60.0,2.28,38.3,00000001
2025-11-17 01:42:44,123.5,123.5,127.4,046,60.0,2.28,38.4,00000001
2025-11-17 01:43:15,123.5,123.7,127.2,047,59.9,2.28,38.5,00000001
2025-11-17 01:43:46,123.5,123.5,127.0,048,59.9,2.28,38.6,00000001
2025-11-17 01:44:17,123.4,123.5,127.0,047,59.9,2.28,38.6,00000001
2025-11-17 01:44:48,123.6,123.6,127.0,046,60.0,2.27,38.7,00000001
2025-11-17 01:45:20,122.5,122.5,127.2,047,60.0,2.28,38.8,00000001
2025-11-17 01:45:51,122.2,122.2,127.0,048,59.9,2.28,38.6,00000001
2025-11-17 01:46:22,122.7,122.7,127.0,046,60.0,2.28,38.3,00000001
2025-11-17 01:46:53,122.7,122.7,127.0,049,60.0,2.28,37.9,00000001
2025-11-17 01:47:24,121.7,121.7,127.2,047,60.0,2.28,37.7,00000001
2025-11-17 01:47:55,121.8,121.8,127.2,046,60.0,2.28,37.3,00000001
2025-11-17 01:48:26,121.8,121.8,127.0,047,59.9,2.28,37.1,00000001
2025-11-17 01:48:57,121.8,121.6,127.0,047,59.9,2.28,36.9,00000001
2025-11-17 01:49:28,124.0,123.9,127.2,047,60.0,2.28,36.7,00000001
2025-11-17 01:49:59,124.0,124.0,127.0,047,59.9,2.27,36.6,00000001
2025-11-17 01:50:30,124.0,123.9,127.0,046,59.9,2.28,36.7,00000001
2025-11-17 01:51:01,123.9,123.7,127.2,047,60.0,2.28,36.8,00000001
2025-11-17 01:51:32,123.7,123.6,126.7,047,59.9,2.28,36.9,00000001
2025-11-17 01:52:03,123.9,123.7,127.0,048,59.9,2.28,37.0,00000001
2025-11-17 01:52:34,123.9,123.9,127.0,047,59.9,2.28,37.1,00000001
2025-11-17 01:53:05,123.9,124.0,127.2,047,60.0,2.28,37.2,00000001
2025-11-17 01:53:36,124.0,123.6,127.2,047,60.1,2.28,37.4,00000001
2025-11-17 01:54:07,123.5,123.6,127.2,047,59.9,2.28,37.5,00000001
2025-11-17 01:54:38,123.5,123.5,127.0,047,59.9,2.28,37.7,00000001
2025-11-17 01:55:09,123.5,123.6,127.2,047,60.0,2.27,37.8,00000001
2025-11-17 01:55:40,123.5,123.6,127.2,047,59.9,2.28,38.0,00000001
2025-11-17 01:56:11,123.4,123.5,127.2,046,59.9,2.28,38.2,00000001
2025-11-17 01:56:42,123.6,123.5,127.2,047,60.0,2.28,38.2,00000001
2025-11-17 01:57:13,123.5,123.6,126.7,047,59.9,2.28,38.3,00000001
2025-11-17 01:57:44,123.6,123.5,126.7,047,59.9,2.28,38.4,00000001
2025-11-17 01:58:15,123.5,123.6,127.2,047,59.9,2.28,38.5,00000001
2025-11-17 01:58:46,123.9,123.9,127.2,047,60.0,2.28,38.5,00000001
2025-11-17 01:59:17,123.3,123.6,126.7,047,59.9,2.28,38.6,00000001
2025-11-17 01:59:48,122.5,122.6,127.0,047,59.9,2.28,38.7,00000001
2025-11-17 02:00:19,122.6,122.6,127.4,047,59.9,2.27,38.6,00000001
2025-11-17 02:00:50,118.8,122.8,127.0,046,59.9,2.28,38.3,00000001
2025-11-17 02:01:21,121.7,121.7,127.0,047,60.0,2.28,38.0,00000001
2025-11-17 02:01:52,121.8,121.5,126.7,046,60.0,2.28,37.7,00000001
2025-11-17 02:02:23,121.7,121.6,127.2,045,59.9,2.28,37.3,00000001
2025-11-17 02:02:54,121.2,121.3,126.7,047,59.9,2.28,37.0,00000001
2025-11-17 02:03:25,122.6,122.6,126.7,046,59.9,2.28,36.7,00000001
2025-11-17 02:03:56,122.5,122.5,126.5,046,59.9,2.28,36.6,00000001
2025-11-17 02:04:27,123.7,123.7,127.4,048,60.0,2.28,36.4,00000001
2025-11-17 02:04:59,123.4,123.4,127.0,047,60.0,2.28,36.5,00000001
2025-11-17 02:05:30,123.2,123.2,126.7,046,60.0,2.27,36.6,00000001
2025-11-17 02:06:01,123.3,123.3,127.0,046,59.9,2.28,36.7,00000001
2025-11-17 02:06:32,123.7,123.7,126.7,046,60.1,2.28,36.8,00000001
2025-11-17 02:07:03,123.4,123.6,127.7,046,59.8,2.28,37.0,00000001
2025-11-17 02:07:34,123.6,123.6,127.0,046,59.9,2.28,37.1,00000001
2025-11-17 02:08:05,123.5,123.6,127.0,046,60.0,2.28,37.2,00000001
2025-11-17 02:08:36,123.6,123.6,127.2,046,60.0,2.28,37.4,00000001
2025-11-17 02:09:07,123.7,123.5,126.7,047,59.9,2.28,37.5,00000001
2025-11-17 02:09:38,123.7,123.8,126.7,047,59.9,2.28,37.7,00000001
2025-11-17 02:10:09,123.9,123.7,127.0,046,60.1,2.28,37.9,00000001
2025-11-17 02:10:40,123.8,123.8,127.7,047,59.9,2.28,38.1,00000001
2025-11-17 02:11:11,123.8,123.8,127.0,046,60.0,2.28,38.2,00000001
2025-11-17 02:11:42,123.6,123.6,127.0,046,60.0,2.28,38.3,00000001
2025-11-17 02:12:13,123.6,123.7,127.0,046,59.9,2.28,38.4,00000001
2025-11-17 02:12:44,123.6,123.4,126.7,047,59.9,2.28,38.4,00000001
2025-11-17 02:13:15,123.5,123.7,127.2,046,60.0,2.28,38.5,00000001
2025-11-17 02:13:46,123.5,123.3,126.7,047,60.1,2.28,38.6,00000001
2025-11-17 02:14:17,122.3,122.4,127.0,047,59.9,2.28,38.7,00000001
2025-11-17 02:14:48,121.6,121.8,127.4,047,60.0,2.28,38.7,00000001
2025-11-17 02:15:19,121.8,121.5,127.4,047,60.1,2.27,38.4,00000001
2025-11-17 02:15:50,121.7,121.5,127.0,047,60.0,2.28,38.1,00000001
2025-11-17 02:16:21,122.9,122.9,127.4,047,60.0,2.28,37.7,00000001
2025-11-17 02:16:52,123.0,123.0,126.7,047,60.0,2.28,37.3,00000001
2025-11-17 02:17:23,123.2,123.1,127.2,047,60.0,2.28,37.1,00000001
2025-11-17 02:17:54,123.0,123.0,127.0,046,60.0,2.28,36.8,00000001
2025-11-17 02:18:25,122.8,122.9,127.2,047,59.9,2.28,36.5,00000001
2025-11-17 02:18:56,123.7,123.8,126.7,046,60.0,2.28,36.3,00000001
2025-11-17 02:19:27,123.5,123.7,127.0,046,60.0,2.28,36.3,00000001
2025-11-17 02:19:58,123.8,123.8,127.0,048,60.1,2.28,36.4,00000001
2025-11-17 02:20:29,123.5,123.5,127.0,047,60.0,2.27,36.5,00000001
2025-11-17 02:21:00,123.4,123.4,127.0,047,59.9,2.28,36.7,00000001
2025-11-17 02:21:31,123.7,123.7,126.7,047,60.0,2.28,36.9,00000001
2025-11-17 02:22:02,123.5,123.5,127.0,047,60.0,2.28,37.0,00000001
2025-11-17 02:22:34,123.8,123.8,127.0,046,60.0,2.28,37.2,00000001
2025-11-17 02:23:05,123.5,123.5,127.2,047,60.0,2.28,37.3,00000001
2025-11-17 02:23:36,123.6,123.5,127.0,046,60.0,2.28,37.5,00000001
2025-11-17 02:24:07,123.5,123.5,127.0,047,60.0,2.28,37.7,00000001
2025-11-17 02:24:38,123.5,123.4,126.7,046,60.0,2.28,37.8,00000001
2025-11-17 02:25:09,123.4,123.6,127.2,048,60.1,2.28,38.0,00000001
2025-11-17 02:25:40,123.5,123.6,127.2,048,59.9,2.27,38.1,00000001
2025-11-17 02:26:11,123.7,123.6,127.0,047,60.1,2.28,38.2,00000001
2025-11-17 02:26:42,123.7,123.3,127.0,047,60.1,2.28,38.3,00000001
2025-11-17 02:27:13,123.6,123.6,126.7,047,60.0,2.28,38.5,00000001
2025-11-17 02:27:44,123.6,123.8,126.3,046,59.9,2.28,38.5,00000001
2025-11-17 02:28:15,122.4,122.5,127.2,046,59.9,2.28,38.6,00000001
2025-11-17 02:28:46,122.4,122.3,127.2,047,59.9,2.28,38.6,00000001
2025-11-17 02:29:17,121.5,121.6,127.2,047,60.0,2.28,38.7,00000001
2025-11-17 02:29:48,121.6,121.5,127.0,047,59.9,2.28,38.5,00000001
2025-11-17 02:30:19,122.5,122.9,127.2,047,59.9,2.28,38.3,00000001
2025-11-17 02:30:50,123.0,123.0,127.0,047,60.0,2.28,38.0,00000001
2025-11-17 02:31:21,122.9,122.9,126.7,047,60.0,2.28,37.6,00000001
2025-11-17 02:31:52,122.7,122.7,127.0,046,59.9,2.28,37.2,00000001
2025-11-17 02:32:23,122.9,122.8,127.0,047,59.9,2.28,37.0,00000001
2025-11-17 02:32:54,122.7,122.4,127.7,047,60.0,2.28,36.8,00000001
2025-11-17 02:33:25,122.7,122.3,127.0,046,60.0,2.28,36.7,00000001
2025-11-17 02:33:56,123.4,123.5,127.2,047,59.9,2.28,36.5,00000001
2025-11-17 02:34:27,123.4,123.4,127.0,045,60.0,2.28,36.5,00000001
2025-11-17 02:34:58,123.5,123.4,127.2,047,60.0,2.28,36.6,00000001
2025-11-17 02:35:29,123.5,123.7,127.2,047,59.9,2.28,36.8,00000001
2025-11-17 02:36:00,123.5,123.6,127.0,046,60.0,2.28,36.9,00000001
2025-11-17 02:36:31,123.4,123.4,127.2,047,59.9,2.28,37.0,00000001
2025-11-17 02:37:02,123.6,123.6,126.7,047,60.0,2.28,37.1,00000001
2025-11-17 02:37:33,123.8,123.8,127.0,048,60.0,2.28,37.2,00000001
2025-11-17 02:38:04,123.6,123.6,127.0,048,60.0,2.28,37.4,00000001
2025-11-17 02:38:35,123.6,123.6,127.2,047,60.0,2.28,37.6,00000001
2025-11-17 02:39:07,123.5,123.5,127.2,047,60.0,2.28,37.7,00000001
2025-11-17 02:39:38,123.3,123.3,127.2,047,59.9,2.28,37.9,00000001
2025-11-17 02:40:09,123.4,123.4,127.0,047,60.0,2.28,38.0,00000001
2025-11-17 02:40:40,123.3,123.4,127.2,046,59.9,2.27,38.2,00000001
2025-11-17 02:41:11,123.4,123.3,127.0,046,60.0,2.28,38.3,00000001
2025-11-17 02:41:42,123.6,123.4,127.0,047,60.0,2.28,38.4,00000001
2025-11-17 02:42:13,123.5,123.3,127.4,047,60.0,2.28,38.5,00000001
2025-11-17 02:42:44,123.6,123.6,127.0,047,60.0,2.28,38.5,00000001
2025-11-17 02:43:15,122.4,122.5,127.2,047,59.8,2.28,38.6,00000001
2025-11-17 02:43:46,122.6,122.5,127.0,047,60.0,2.28,38.7,00000001
2025-11-17 02:44:17,121.8,121.8,126.7,047,59.9,2.28,38.7,00000001
2025-11-17 02:44:48,121.7,121.6,127.7,046,59.9,2.28,38.6,00000001
2025-11-17 02:45:19,122.7,122.8,127.4,047,59.9,2.28,38.2,00000001
2025-11-17 02:45:50,122.6,122.7,127.0,047,59.9,2.27,37.8,00000001
2025-11-17 02:46:21,122.7,122.5,127.2,046,60.1,2.28,37.6,00000001
2025-11-17 02:46:52,122.5,122.5,127.2,046,59.9,2.28,37.3,00000001
2025-11-17 02:47:23,122.6,122.6,127.0,047,59.9,2.28,37.1,00000001
2025-11-17 02:47:54,122.7,122.6,127.0,046,59.9,2.28,36.9,00000001
2025-11-17 02:48:25,123.5,123.5,127.0,046,60.0,2.28,36.6,00000001
2025-11-17 02:48:56,123.5,123.5,126.7,046,60.0,2.28,36.6,00000001
2025-11-17 02:49:27,123.8,123.9,127.4,047,60.0,2.28,36.7,00000001
2025-11-17 02:49:58,123.5,123.4,126.7,048,59.9,2.28,36.8,00000001
2025-11-17 02:50:29,123.7,123.7,127.0,047,59.9,2.28,37.0,00000001
2025-11-17 02:51:00,123.8,124.0,127.0,048,59.9,2.28,37.1,00000001
2025-11-17 02:51:31,123.8,124.0,127.0,047,59.9,2.28,37.2,00000001
2025-11-17 02:52:02,123.7,123.5,127.2,047,59.9,2.28,37.3,00000001
2025-11-17 02:52:33,123.8,123.8,127.7,048,60.1,2.28,37.4,00000001
2025-11-17 02:53:04,123.7,123.7,127.0,046,59.9,2.28,37.6,00000001
2025-11-17 02:53:35,123.7,123.7,127.0,047,60.0,2.28,37.7,00000001
2025-11-17 02:54:06,123.7,123.7,127.2,046,60.0,2.28,37.9,00000001
2025-11-17 02:54:37,123.6,123.6,127.2,047,59.9,2.28,38.0,00000001
2025-11-17 02:55:08,123.9,123.9,127.0,047,60.0,2.28,38.1,00000001
2025-11-17 02:55:39,123.6,123.6,126.7,047,59.9,2.27,38.2,00000001
2025-11-17 02:56:10,123.4,123.4,126.7,047,59.9,2.28,38.3,00000001
2025-11-17 02:56:41,122.3,122.4,127.2,047,59.9,2.28,38.4,00000001
2025-11-17 02:57:13,122.2,122.1,126.7,047,59.9,2.28,38.5,00000001
2025-11-17 02:57:44,122.3,122.3,127.2,047,60.0,2.28,38.6,00000001
2025-11-17 02:58:15,122.4,122.3,126.7,046,59.9,2.28,38.7,00000001
2025-11-17 02:58:46,122.6,122.6,126.7,047,59.9,2.28,38.7,00000001
2025-11-17 02:59:17,122.6,122.5,127.2,047,59.9,2.28,38.5,00000001
2025-11-17 02:59:48,122.3,122.6,127.0,047,59.9,2.28,38.2,00000001
2025-11-17 03:00:19,122.9,122.8,127.2,047,60.0,2.28,37.8,00000001
2025-11-17 03:00:50,122.7,122.7,127.2,046,59.9,2.27,37.5,00000001
2025-11-17 03:01:21,122.5,122.7,127.0,047,59.9,2.28,37.1,00000001
2025-11-17 03:01:52,122.7,122.9,127.2,047,59.9,2.28,36.8,00000001
2025-11-17 03:02:23,122.7,122.7,126.7,046,59.9,2.28,36.7,00000001
2025-11-17 03:02:54,123.5,123.7,127.2,046,59.9,2.28,36.5,00000001
2025-11-17 03:03:25,123.5,123.4,127.4,046,59.9,2.28,36.4,00000001
2025-11-17 03:03:56,123.6,123.4,127.0,046,60.0,2.28,36.5,00000001
2025-11-17 03:04:27,123.4,123.2,127.0,046,60.0,2.28,36.6,00000001
2025-11-17 03:04:58,123.2,123.5,127.2,046,59.9,2.28,36.8,00000001
2025-11-17 03:05:29,123.7,123.5,127.2,047,60.0,2.28,36.9,00000001
2025-11-17 03:06:00,123.5,123.5,127.0,046,59.9,2.28,37.0,00000001
2025-11-17 03:06:31,123.6,123.4,126.7,047,60.0,2.28,37.1,00000001
2025-11-17 03:07:02,123.3,123.8,126.7,047,59.8,2.28,37.3,00000001
2025-11-17 03:07:33,123.5,123.6,127.2,046,59.9,2.28,37.4,00000001
2025-11-17 03:08:04,123.6,123.6,126.7,046,60.1,2.28,37.6,00000001
2025-11-17 03:08:35,123.7,123.3,127.2,047,60.1,2.28,37.8,00000001
2025-11-17 03:09:06,123.5,123.5,127.2,047,60.0,2.28,37.9,00000001
2025-11-17 03:09:37,123.5,123.5,127.2,046,60.0,2.28,38.0,00000001
2025-11-17 03:10:08,123.3,123.3,127.0,046,59.9,2.28,38.1,00000001
2025-11-17 03:10:39,123.4,123.4,127.0,047,60.0,2.28,38.3,00000001
2025-11-17 03:11:10,122.4,122.4,126.7,047,60.0,2.27,38.4,00000001
2025-11-17 03:11:41,122.5,122.5,127.0,048,60.0,2.28,38.5,00000001
2025-11-17 03:12:12,122.4,122.1,127.2,047,60.0,2.28,38.5,00000001
2025-11-17 03:12:43,121.9,121.9,126.7,046,59.9,2.28,38.6,00000001
2025-11-17 03:13:14,122.2,122.2,127.0,046,60.0,2.28,38.6,00000001
2025-11-17 03:13:46,122.3,122.3,127.2,048,60.0,2.28,38.6,00000001
2025-11-17 03:14:17,122.5,122.4,127.2,046,60.0,2.28,38.3,00000001
2025-11-17 03:14:48,122.4,122.2,127.0,047,60.0,2.28,37.9,00000001
2025-11-17 03:15:19,122.9,122.9,127.0,047,59.9,2.28,37.5,00000001
2025-11-17 03:15:50,123.1,123.0,126.7,046,60.1,2.28,37.2,00000001
2025-11-17 03:16:21,122.9,122.9,126.7,047,59.9,2.28,36.8,00000001
2025-11-17 03:16:52,123.0,123.2,127.4,046,60.0,2.28,36.5,00000001
2025-11-17 03:17:23,123.5,123.5,127.2,047,59.9,2.28,36.3,00000001
2025-11-17 03:17:54,123.7,123.9,127.0,047,60.0,2.28,36.3,00000001
2025-11-17 03:18:25,123.8,123.6,126.7,045,60.0,2.28,36.3,00000001
2025-11-17 03:18:56,123.6,123.5,127.2,046,60.0,2.28,36.5,00000001
2025-11-17 03:19:27,123.8,123.8,127.0,046,60.0,2.28,36.6,00000001
2025-11-17 03:19:58,123.7,124.0,126.7,046,60.0,2.28,36.8,00000001
2025-11-17 03:20:29,123.7,123.6,127.0,046,60.0,2.28,36.9,00000001
2025-11-17 03:21:00,123.6,123.7,127.4,047,60.0,2.27,37.0,00000001
2025-11-17 03:21:31,123.3,123.6,127.2,048,60.0,2.28,37.2,00000001
2025-11-17 03:22:02,123.6,123.6,127.0,047,60.0,2.28,37.3,00000001
2025-11-17 03:22:33,123.4,123.6,127.2,048,59.9,2.28,37.5,00000001
2025-11-17 03:23:04,123.5,123.6,127.2,047,60.0,2.28,37.7,00000001
2025-11-17 03:23:35,123.4,123.5,127.0,046,60.0,2.28,37.8,00000001
2025-11-17 03:24:06,123.6,123.7,126.7,047,60.0,2.28,38.0,00000001
2025-11-17 03:24:37,123.6,123.6,127.0,047,60.0,2.28,38.1,00000001
2025-11-17 03:25:08,122.9,122.9,127.0,047,60.0,2.28,38.2,00000001
2025-11-17 03:25:39,122.0,122.0,127.0,047,59.9,2.28,38.3,00000001
2025-11-17 03:26:10,122.4,122.4,127.0,046,60.0,2.27,38.4,00000001
2025-11-17 03:26:41,122.2,122.2,127.0,048,59.9,2.28,38.4,00000001
2025-11-17 03:27:12,123.6,123.6,127.0,048,60.0,2.28,38.5,00000001
2025-11-17 03:27:43,123.5,123.5,127.0,047,60.0,2.28,38.6,00000001
2025-11-17 03:28:14,122.6,122.6,127.0,047,59.9,2.28,38.6,00000001
2025-11-17 03:28:45,122.8,122.6,126.7,046,60.0,2.28,38.4,00000001
2025-11-17 03:29:16,122.7,122.7,127.2,048,60.1,2.28,38.0,00000001
2025-11-17 03:29:47,122.6,122.6,127.4,046,60.0,2.28,37.7,00000001
2025-11-17 03:30:19,122.4,122.4,127.0,048,60.0,2.28,37.4,00000001
2025-11-17 03:30:50,122.5,122.4,127.0,047,59.9,2.28,37.1,00000001
2025-11-17 03:31:21,122.3,122.5,127.0,048,59.9,2.28,36.8,00000001
2025-11-17 03:31:52,122.4,122.3,127.2,047,59.9,2.28,36.6,00000001
2025-11-17 03:32:23,123.4,123.3,127.4,047,60.0,2.28,36.4,00000001
2025-11-17 03:32:54,123.5,123.6,126.7,047,60.1,2.28,36.4,00000001
2025-11-17 03:33:25,123.7,123.7,127.0,047,60.0,2.28,36.5,00000001
2025-11-17 03:33:56,123.5,123.6,127.0,046,59.9,2.28,36.6,00000001
2025-11-17 03:34:27,123.6,123.6,127.2,046,60.0,2.28,36.8,00000001
2025-11-17 03:34:58,123.7,123.8,127.2,046,60.0,2.28,37.0,00000001
2025-11-17 03:35:29,123.9,123.7,127.2,046,59.9,2.28,37.1,00000001
2025-11-17 03:36:00,123.7,123.8,127.2,047,59.9,2.28,37.2,00000001
2025-11-17 03:36:31,123.6,123.7,127.0,047,59.9,2.28,37.4,00000001
2025-11-17 03:37:02,123.6,123.7,127.0,047,59.9,2.28,37.6,00000001
2025-11-17 03:37:33,123.8,124.0,127.0,047,60.0,2.28,37.7,00000001
2025-11-17 03:38:04,123.7,124.0,127.2,047,60.1,2.28,37.9,00000001
2025-11-17 03:38:35,123.8,123.8,127.4,047,60.1,2.28,38.0,00000001
2025-11-17 03:39:06,123.8,123.7,126.7,047,60.0,2.28,38.2,00000001
2025-11-17 03:39:37,122.6,122.8,127.2,047,59.9,2.28,38.3,00000001
2025-11-17 03:40:08,122.4,122.4,127.4,047,60.0,2.28,38.4,00000001
2025-11-17 03:40:39,122.2,122.2,127.2,047,59.9,2.28,38.4,00000001
2025-11-17 03:41:10,122.1,122.1,127.2,047,59.9,2.27,38.5,00000001
2025-11-17 03:41:41,123.3,123.3,127.0,046,60.0,2.28,38.6,00000001
2025-11-17 03:42:12,123.1,123.1,127.0,047,59.9,2.28,38.7,00000001
2025-11-17 03:42:43,122.6,122.6,127.4,048,59.9,2.28,38.7,00000001
2025-11-17 03:43:14,122.6,122.6,126.7,046,60.0,2.28,38.6,00000001
2025-11-17 03:43:45,122.5,122.5,127.0,048,60.0,2.28,38.3,00000001
2025-11-17 03:44:16,122.8,122.6,127.0,046,60.1,2.28,37.8,00000001
2025-11-17 03:44:47,122.6,122.5,127.0,047,59.9,2.28,37.5,00000001
2025-11-17 03:45:18,122.7,122.7,127.0,047,60.0,2.28,37.1,00000001
2025-11-17 03:45:49,122.6,122.7,127.0,045,59.9,2.28,36.9,00000001
2025-11-17 03:46:20,122.4,122.8,127.4,047,59.9,2.27,36.7,00000001
2025-11-17 03:46:51,123.3,123.6,127.0,047,59.9,2.28,36.4,00000001
2025-11-17 03:47:22,123.6,123.5,127.4,046,60.0,2.28,36.3,00000001
2025-11-17 03:47:54,123.4,123.6,127.2,046,60.0,2.28,36.4,00000001
2025-11-17 03:48:25,123.3,123.6,127.2,047,59.9,2.28,36.5,00000001
2025-11-17 03:48:56,123.6,123.6,127.0,047,60.0,2.28,36.7,00000001
2025-11-17 03:49:27,123.2,123.3,127.2,047,59.9,2.28,36.8,00000001
2025-11-17 03:49:58,123.7,123.7,127.0,046,60.0,2.28,37.0,00000001
2025-11-17 03:50:29,123.4,123.4,127.4,047,59.9,2.28,37.1,00000001
2025-11-17 03:51:00,123.2,123.2,127.0,046,59.9,2.28,37.2,00000001
2025-11-17 03:51:31,123.6,123.6,126.7,047,60.0,2.27,37.4,00000001
2025-11-17 03:52:02,123.8,123.8,126.7,047,60.1,2.28,37.6,00000001
2025-11-17 03:52:33,123.4,123.5,126.7,047,59.9,2.28,37.7,00000001
2025-11-17 03:53:04,123.6,123.6,127.4,048,60.0,2.28,37.9,00000001
2025-11-17 03:53:35,122.4,122.4,126.7,047,60.0,2.28,38.0,00000001
2025-11-17 03:54:06,122.3,122.4,127.0,046,60.0,2.28,38.1,00000001
2025-11-17 03:54:37,122.2,122.5,127.0,046,59.9,2.28,38.3,00000001
2025-11-17 03:55:08,122.2,122.2,127.0,046,59.9,2.28,38.3,00000001
2025-11-17 03:55:39,123.4,123.3,127.0,046,60.0,2.28,38.4,00000001
2025-11-17 03:56:10,123.4,123.3,127.2,047,59.9,2.28,38.5,00000001
2025-11-17 03:56:41,123.3,123.2,127.2,048,60.0,2.28,38.5,00000001
2025-11-17 03:57:12,122.2,122.3,127.0,047,60.0,2.28,38.6,00000001
2025-11-17 03:57:43,122.7,122.5,127.2,047,59.9,2.28,38.6,00000001
2025-11-17 03:58:14,122.8,122.8,126.7,047,60.0,2.28,38.3,00000001
2025-11-17 03:58:45,122.8,122.8,127.0,046,60.0,2.28,38.0,00000001
2025-11-17 03:59:16,122.9,122.9,126.5,047,60.1,2.28,37.6,00000001
2025-11-17 03:59:47,122.0,122.0,127.2,046,59.8,2.28,37.2,00000001
2025-11-17 04:00:18,122.5,122.5,127.0,047,60.0,2.28,36.8,00000001
2025-11-17 04:00:49,122.3,122.3,127.2,047,60.1,2.28,36.6,00000001
2025-11-17 04:01:20,122.4,122.4,127.2,046,60.0,2.27,36.5,00000001
2025-11-17 04:01:51,123.3,123.2,127.0,047,59.9,2.28,36.4,00000001
2025-11-17 04:02:22,123.1,123.1,127.0,047,60.0,2.28,36.4,00000001
2025-11-17 04:02:53,122.9,123.3,127.2,046,59.9,2.28,36.5,00000001
2025-11-17 04:03:24,123.0,123.2,127.2,047,59.9,2.28,36.6,00000001
2025-11-17 04:03:55,123.1,123.2,126.7,047,60.0,2.28,36.8,00000001
2025-11-17 04:04:26,122.9,123.1,127.0,047,59.9,2.28,36.9,00000001
2025-11-17 04:04:57,123.0,123.1,127.0,047,59.9,2.28,37.1,00000001
2025-11-17 04:05:29,123.2,123.2,127.0,046,60.0,2.28,37.2,00000001
2025-11-17 04:06:00,123.3,123.3,127.0,047,60.0,2.28,37.4,00000001
2025-11-17 04:06:31,123.2,123.0,127.0,047,60.1,2.27,37.5,00000001
2025-11-17 04:07:02,123.4,123.4,127.2,047,60.0,2.28,37.7,00000001
2025-11-17 04:07:33,123.3,123.5,127.0,046,60.0,2.28,37.8,00000001
2025-11-17 04:08:04,122.1,122.1,126.7,047,59.9,2.28,38.0,00000001
2025-11-17 04:08:35,122.1,122.2,127.2,046,60.1,2.28,38.1,00000001
2025-11-17 04:09:06,121.7,122.2,127.2,046,59.9,2.28,38.2,00000001
2025-11-17 04:09:37,122.0,121.9,126.7,046,59.9,2.28,38.3,00000001
2025-11-17 04:10:08,123.3,123.2,126.7,047,60.0,2.28,38.4,00000001
2025-11-17 04:10:39,123.1,123.3,127.0,047,59.9,2.28,38.4,00000001
2025-11-17 04:11:10,123.5,123.4,127.0,047,60.0,2.28,38.5,00000001
2025-11-17 04:11:41,123.6,123.8,127.4,047,59.9,2.27,38.6,00000001
2025-11-17 04:12:12,122.6,122.6,127.0,046,60.0,2.28,38.6,00000001
2025-11-17 04:12:43,122.5,122.6,127.0,047,59.9,2.28,38.5,00000001
2025-11-17 04:13:14,122.6,122.7,127.2,047,60.0,2.28,38.2,00000001
2025-11-17 04:13:45,122.5,122.6,127.0,047,59.9,2.28,37.8,00000001
2025-11-17 04:14:16,122.5,122.8,127.2,047,60.0,2.28,37.5,00000001
2025-11-17 04:14:47,122.6,122.6,126.7,047,60.0,2.28,37.1,00000001
2025-11-17 04:15:18,122.7,122.7,127.0,047,60.0,2.28,36.9,00000001
2025-11-17 04:15:49,122.5,122.5,127.2,046,60.0,2.28,36.7,00000001
2025-11-17 04:16:20,123.5,123.5,127.2,046,60.0,2.28,36.5,00000001
2025-11-17 04:16:51,123.4,123.4,126.7,046,59.9,2.27,36.3,00000001
2025-11-17 04:17:22,123.5,123.5,127.0,047,60.1,2.28,36.4,00000001
2025-11-17 04:17:53,123.3,123.3,127.2,046,59.9,2.28,36.5,00000001
2025-11-17 04:18:24,123.5,123.5,127.2,047,59.9,2.28,36.7,00000001
2025-11-17 04:18:55,123.3,123.3,127.2,047,59.9,2.28,36.8,00000001
2025-11-17 04:19:26,123.2,123.3,127.2,047,59.9,2.28,37.0,00000001
2025-11-17 04:19:57,123.4,123.5,127.2,047,60.0,2.28,37.0,00000001
2025-11-17 04:20:28,123.5,123.5,127.0,046,59.9,2.28,37.2,00000001
2025-11-17 04:20:59,123.2,123.6,127.2,046,59.9,2.28,37.3,00000001
2025-11-17 04:21:30,123.5,123.5,127.4,047,60.0,2.28,37.5,00000001
2025-11-17 04:22:01,122.6,122.7,127.2,046,60.0,2.28,37.7,00000001
2025-11-17 04:22:32,122.6,122.7,127.4,047,60.0,2.28,37.8,00000001
2025-11-17 04:23:03,122.6,122.6,127.0,048,60.0,2.28,38.0,00000001
2025-11-17 04:23:34,122.4,122.5,127.0,047,60.0,2.28,38.1,00000001
2025-11-17 04:24:05,123.5,123.4,127.0,047,59.9,2.28,38.2,00000001
2025-11-17 04:24:36,123.6,123.6,127.0,046,59.9,2.28,38.3,00000001
2025-11-17 04:25:08,123.4,123.5,127.2,047,59.9,2.28,38.4,00000001
2025-11-17 04:25:39,123.7,123.9,127.0,046,60.0,2.28,38.5,00000001
2025-11-17 04:26:10,123.8,123.8,127.0,046,60.1,2.28,38.5,00000001
2025-11-17 04:26:41,123.5,123.6,126.7,047,60.0,2.27,38.6,00000001
2025-11-17 04:27:12,122.6,122.6,127.0,048,59.9,2.28,38.7,00000001
2025-11-17 04:27:43,122.8,122.5,127.0,048,60.0,2.28,38.6,00000001
2025-11-17 04:28:14,122.8,122.6,127.2,047,60.0,2.28,38.3,00000001
2025-11-17 04:28:45,122.6,122.6,127.4,047,59.9,2.28,37.9,00000001
2025-11-17 04:29:16,122.8,122.5,127.2,047,60.0,2.28,37.5,00000001
2025-11-17 04:29:47,122.6,122.7,127.0,047,59.9,2.28,37.1,00000001
2025-11-17 04:30:18,122.6,122.7,127.0,047,59.9,2.28,36.8,00000001
2025-11-17 04:30:49,122.7,122.8,127.2,047,59.9,2.28,36.7,00000001
2025-11-17 04:31:20,123.7,123.6,126.7,046,59.9,2.28,36.5,00000001
2025-11-17 04:31:51,124.0,123.8,127.4,047,60.1,2.27,36.5,00000001
2025-11-17 04:32:22,123.6,123.6,127.0,047,60.0,2.28,36.6,00000001
2025-11-17 04:32:53,123.3,123.2,127.0,047,59.9,2.28,36.8,00000001
2025-11-17 04:33:24,123.4,123.4,127.0,047,60.0,2.28,36.9,00000001
2025-11-17 04:33:55,123.1,123.1,126.7,046,59.9,2.28,37.0,00000001
2025-11-17 04:34:26,123.5,123.5,126.7,047,60.0,2.28,37.1,00000001
2025-11-17 04:34:57,123.4,123.4,126.7,047,60.0,2.28,37.2,00000001
2025-11-17 04:35:28,123.1,123.1,126.7,048,60.0,2.28,37.4,00000001
2025-11-17 04:35:59,123.4,123.4,127.2,047,60.0,2.28,37.5,00000001
2025-11-17 04:36:30,123.4,123.4,127.0,048,59.9,2.28,37.7,00000001
2025-11-17 04:37:01,123.6,123.3,127.4,048,59.9,2.27,37.9,00000001
2025-11-17 04:37:32,122.2,122.2,127.2,047,60.0,2.28,38.0,00000001
2025-11-17 04:38:03,122.5,122.6,127.2,047,59.9,2.28,38.2,00000001
2025-11-17 04:38:34,122.6,122.4,127.2,046,59.9,2.28,38.3,00000001
2025-11-17 04:39:05,122.9,122.8,126.7,046,59.9,2.28,38.4,00000001
2025-11-17 04:39:36,122.5,122.5,127.2,047,59.9,2.28,38.5,00000001
2025-11-17 04:40:07,123.8,123.8,127.2,047,59.9,2.28,38.6,00000001
2025-11-17 04:40:38,123.9,123.6,126.7,047,60.0,2.28,38.6,00000001
2025-11-17 04:41:09,123.4,123.6,127.0,047,60.0,2.28,38.7,00000001
2025-11-17 04:41:40,122.6,122.8,127.0,046,59.9,2.28,38.7,00000001
2025-11-17 04:42:11,122.5,122.2,127.0,046,60.0,2.28,38.4,00000001
2025-11-17 04:42:42,122.6,122.4,126.7,046,59.9,2.28,38.0,00000001
2025-11-17 04:43:14,122.7,122.6,127.2,047,60.0,2.28,37.5,00000001
2025-11-17 04:43:45,122.6,122.6,127.4,048,60.0,2.28,37.2,00000001
2025-11-17 04:44:16,122.6,122.7,127.0,046,60.1,2.28,37.0,00000001
2025-11-17 04:44:47,122.5,122.6,127.2,046,59.9,2.28,36.7,00000001
2025-11-17 04:45:18,122.4,122.4,127.2,047,60.0,2.28,36.4,00000001
2025-11-17 04:45:49,123.3,123.3,126.5,047,60.0,2.28,36.3,00000001
2025-11-17 04:46:20,123.3,123.4,127.2,046,60.0,2.28,36.3,00000001
2025-11-17 04:46:51,123.5,123.3,127.4,047,60.0,2.27,36.4,00000001
2025-11-17 04:47:22,123.3,123.3,127.0,047,60.0,2.28,36.6,00000001
2025-11-17 04:47:53,123.4,123.4,127.0,047,60.1,2.28,36.7,00000001
2025-11-17 04:48:24,123.3,123.5,127.4,047,60.0,2.28,36.9,00000001
2025-11-17 04:48:55,123.0,123.3,127.2,047,59.9,2.28,37.0,00000001
2025-11-17 04:49:26,123.3,123.3,127.0,047,60.0,2.28,37.1,00000001
2025-11-17 04:49:57,123.5,123.3,127.0,046,60.0,2.28,37.3,00000001
2025-11-17 04:50:28,123.5,123.3,127.2,046,59.9,2.28,37.5,00000001
2025-11-17 04:50:59,123.4,123.4,127.0,046,60.0,2.28,37.6,00000001
2025-11-17 04:51:30,123.4,123.4,127.0,047,59.9,2.28,37.8,00000001
2025-11-17 04:52:01,122.6,122.6,126.7,047,59.9,2.28,37.9,00000001
2025-11-17 04:52:32,122.8,122.8,126.7,047,60.0,2.28,38.1,00000001
2025-11-17 04:53:03,122.6,122.6,126.7,047,59.9,2.28,38.2,00000001
2025-11-17 04:53:34,122.4,122.4,127.0,047,60.0,2.28,38.3,00000001
2025-11-17 04:54:05,123.5,123.5,127.2,046,59.9,2.28,38.3,00000001
2025-11-17 04:54:36,123.3,123.4,127.0,048,59.8,2.28,38.4,00000001
2025-11-17 04:55:07,123.6,123.6,127.0,047,60.0,2.28,38.5,00000001
2025-11-17 04:55:38,123.4,123.5,126.7,047,59.8,2.28,38.6,00000001
2025-11-17 04:56:09,122.5,122.9,127.2,047,59.9,2.28,38.6,00000001
2025-11-17 04:56:40,122.5,122.5,127.0,047,59.9,2.28,38.5,00000001
2025-11-17 04:57:11,122.7,122.6,127.0,047,59.9,2.27,38.2,00000001
2025-11-17 04:57:42,122.8,122.6,127.2,047,60.0,2.28,37.9,00000001
2025-11-17 04:58:13,122.6,122.9,127.0,047,60.0,2.28,37.6,00000001
2025-11-17 04:58:44,122.8,122.7,127.4,047,59.9,2.28,37.3,00000001
2025-11-17 04:59:15,122.5,122.5,126.7,046,59.9,2.28,37.0,00000001
2025-11-17 04:59:46,122.4,122.4,126.7,047,59.9,2.28,36.8,00000001
2025-11-17 05:00:17,123.5,122.5,127.0,047,60.0,2.28,36.6,00000001
2025-11-17 05:00:48,123.4,123.2,127.0,048,59.9,2.28,36.5,00000001
2025-11-17 05:01:20,123.6,123.5,127.0,046,60.1,2.28,36.5,00000001
2025-11-17 05:01:51,123.7,123.4,126.7,048,60.1,2.28,36.5,00000001
2025-11-17 05:02:22,123.5,123.5,127.2,047,59.9,2.27,36.7,00000001
2025-11-17 05:02:53,123.4,123.4,127.4,047,59.9,2.28,36.8,00000001
2025-11-17 05:03:24,123.7,123.3,127.2,047,60.0,2.28,36.9,00000001
2025-11-17 05:03:55,123.4,123.3,127.0,046,59.9,2.28,37.0,00000001
2025-11-17 05:04:26,123.2,123.2,127.0,046,59.9,2.28,37.2,00000001
2025-11-17 05:04:57,123.1,123.2,127.2,046,59.9,2.28,37.3,00000001
2025-11-17 05:05:28,123.2,123.2,127.0,047,59.9,2.28,37.5,00000001
2025-11-17 05:05:59,123.1,123.2,127.4,047,59.9,2.28,37.7,00000001
2025-11-17 05:06:30,123.2,123.4,127.4,047,60.0,2.28,37.8,00000001
2025-11-17 05:07:01,122.2,122.2,127.4,047,60.0,2.28,37.9,00000001
2025-11-17 05:07:32,122.2,122.2,127.0,047,59.9,2.28,38.1,00000001
2025-11-17 05:08:03,122.0,122.0,127.0,047,59.8,2.28,38.2,00000001
2025-11-17 05:08:34,122.1,122.1,127.0,046,59.9,2.28,38.2,00000001
2025-11-17 05:09:05,123.1,123.1,127.4,046,59.9,2.28,38.3,00000001
2025-11-17 05:09:36,123.0,123.0,126.7,046,59.9,2.28,38.4,00000001
2025-11-17 05:10:07,123.2,123.2,126.7,046,59.9,2.28,38.5,00000001
2025-11-17 05:10:38,123.2,123.2,127.0,047,60.0,2.28,38.5,00000001
2025-11-17 05:11:09,123.0,122.8,126.7,047,60.1,2.28,38.6,00000001
2025-11-17 05:11:40,122.9,122.8,127.0,047,60.0,2.28,38.6,00000001
2025-11-17 05:12:11,122.8,122.7,127.0,048,59.9,2.27,38.3,00000001
2025-11-17 05:12:42,122.7,122.7,127.2,047,59.9,2.28,37.9,00000001
2025-11-17 05:13:13,122.7,122.8,127.0,047,59.9,2.28,37.5,00000001
2025-11-17 05:13:44,122.8,122.6,127.0,046,60.0,2.28,37.2,00000001
2025-11-17 05:14:15,122.8,123.0,127.0,047,59.9,2.28,36.8,00000001
2025-11-17 05:14:46,122.8,122.7,127.0,046,59.9,2.28,36.6,00000001
2025-11-17 05:15:17,123.6,123.6,127.4,048,59.9,2.28,36.3,00000001
2025-11-17 05:15:48,123.7,123.7,127.2,046,59.9,2.28,36.2,00000001
2025-11-17 05:16:19,123.8,123.7,127.0,047,59.9,2.28,36.3,00000001
2025-11-17 05:16:50,123.7,123.7,127.0,046,59.9,2.28,36.4,00000001
2025-11-17 05:17:21,123.9,123.9,126.5,047,59.9,2.27,36.5,00000001
2025-11-17 05:17:52,123.9,123.6,127.0,047,59.9,2.28,36.7,00000001
2025-11-17 05:18:23,123.6,123.7,126.7,046,59.9,2.28,36.8,00000001
2025-11-17 05:18:54,123.6,123.6,127.0,046,59.9,2.28,37.0,00000001
2025-11-17 05:19:26,123.5,123.6,127.0,046,59.8,2.28,37.1,00000001
2025-11-17 05:19:57,123.5,123.7,126.7,046,59.9,2.28,37.3,00000001
2025-11-17 05:20:28,123.7,123.8,127.2,046,59.9,2.28,37.5,00000001
2025-11-17 05:20:59,123.8,123.6,127.0,047,59.9,2.28,37.6,00000001
2025-11-17 05:21:30,123.1,123.1,127.2,046,59.9,2.28,37.7,00000001
2025-11-17 05:22:01,122.4,122.6,126.7,047,60.0,2.28,37.9,00000001
2025-11-17 05:22:32,121.7,122.1,127.4,047,59.9,2.28,38.0,00000001
2025-11-17 05:23:03,122.6,122.6,127.0,047,60.0,2.28,38.1,00000001
2025-11-17 05:23:34,122.7,122.7,126.7,047,59.9,2.28,38.2,00000001
2025-11-17 05:24:05,123.8,123.8,126.7,046,59.9,2.28,38.3,00000001
2025-11-17 05:24:36,123.9,123.9,126.7,047,60.0,2.28,38.4,00000001
2025-11-17 05:25:07,123.7,123.7,127.0,047,60.0,2.28,38.4,00000001
2025-11-17 05:25:38,123.8,123.8,127.0,047,60.0,2.28,38.4,00000001
2025-11-17 05:26:09,122.9,122.9,127.2,047,59.9,2.28,38.5,00000001
2025-11-17 05:26:40,122.8,122.8,127.2,047,59.9,2.28,38.4,00000001
2025-11-17 05:27:11,122.6,122.6,127.0,047,59.9,2.28,38.1,00000001
2025-11-17 05:27:42,122.7,122.7,127.2,046,59.9,2.28,37.8,00000001
2025-11-17 05:28:13,122.6,122.9,127.2,046,59.9,2.28,37.3,00000001
2025-11-17 05:28:44,122.7,122.6,127.2,046,60.0,2.28,37.0,00000001
2025-11-17 05:29:15,122.9,122.8,127.2,047,60.0,2.28,36.8,00000001
2025-11-17 05:29:46,122.9,122.8,127.0,047,60.0,2.28,36.6,00000001
2025-11-17 05:30:17,123.6,123.6,127.0,047,59.9,2.28,36.3,00000001
2025-11-17 05:30:48,123.3,123.7,126.7,047,59.9,2.28,36.2,00000001
2025-11-17 05:31:19,123.5,123.7,127.2,047,59.9,2.28,36.3,00000001
2025-11-17 05:31:50,123.4,123.3,127.2,047,59.9,2.28,36.4,00000001
2025-11-17 05:32:21,123.4,123.3,127.2,047,59.9,2.27,36.6,00000001
2025-11-17 05:32:52,123.3,123.4,127.2,047,59.9,2.28,36.8,00000001
2025-11-17 05:33:23,123.6,123.6,127.0,048,59.9,2.28,37.0,00000001
2025-11-17 05:33:54,123.6,123.7,127.0,046,59.9,2.28,37.1,00000001
2025-11-17 05:34:25,123.7,123.7,127.2,047,60.0,2.28,37.2,00000001
2025-11-17 05:34:56,124.0,123.8,127.0,047,60.0,2.28,37.4,00000001
2025-11-17 05:35:27,123.8,123.8,127.2,047,60.0,2.28,37.6,00000001
2025-11-17 05:35:58,123.8,123.9,127.2,046,60.0,2.28,37.7,00000001
2025-11-17 05:36:30,123.9,123.5,127.4,048,60.1,2.28,37.9,00000001
2025-11-17 05:37:01,124.0,123.9,127.2,047,60.0,2.28,38.0,00000001
2025-11-17 05:37:32,123.8,123.7,127.4,047,60.0,2.27,38.2,00000001
2025-11-17 05:38:03,123.1,122.9,127.2,047,60.1,2.28,38.2,00000001
2025-11-17 05:38:34,123.0,123.0,127.2,046,60.0,2.28,38.3,00000001
2025-11-17 05:39:05,122.9,122.8,126.7,047,59.9,2.28,38.4,00000001
2025-11-17 05:39:36,123.1,123.0,127.0,048,59.9,2.28,38.4,00000001
2025-11-17 05:40:07,123.9,123.9,127.2,047,60.0,2.28,38.5,00000001
2025-11-17 05:40:38,123.9,123.6,127.0,047,60.0,2.28,38.6,00000001
2025-11-17 05:41:09,122.9,122.9,127.0,048,59.9,2.28,38.6,00000001
2025-11-17 05:41:40,122.8,122.8,127.0,047,59.9,2.28,38.4,00000001
2025-11-17 05:42:11,122.7,122.7,127.2,047,59.9,2.28,38.0,00000001
2025-11-17 05:42:42,122.6,122.6,127.0,048,59.9,2.27,37.7,00000001
2025-11-17 05:43:13,122.6,122.6,127.0,047,59.9,2.28,37.4,00000001
2025-11-17 05:43:44,122.6,122.6,127.2,047,59.9,2.28,37.1,00000001
2025-11-17 05:44:15,122.5,122.5,126.7,047,60.0,2.28,36.9,00000001
2025-11-17 05:44:46,122.5,122.6,127.0,047,59.9,2.28,36.7,00000001
2025-11-17 05:45:17,123.4,123.5,127.4,047,59.9,2.28,36.5,00000001
2025-11-17 05:45:48,123.4,123.4,126.7,047,60.1,2.28,36.4,00000001
2025-11-17 05:46:19,123.6,123.7,127.0,047,60.0,2.28,36.5,00000001
2025-11-17 05:46:50,123.3,123.4,126.7,047,59.9,2.28,36.6,00000001
2025-11-17 05:47:21,123.6,123.3,127.0,047,60.1,2.28,36.7,00000001
2025-11-17 05:47:52,123.5,123.5,127.2,047,59.9,2.28,36.8,00000001
2025-11-17 05:48:23,123.5,123.3,126.7,047,60.1,2.28,36.9,00000001
2025-11-17 05:48:54,123.4,123.4,127.0,046,60.0,2.28,37.1,00000001
2025-11-17 05:49:25,123.3,123.4,126.5,047,60.0,2.28,37.2,00000001
2025-11-17 05:49:56,123.2,123.4,127.0,047,60.1,2.28,37.4,00000001
2025-11-17 05:50:27,123.2,123.2,127.0,047,59.9,2.28,37.5,00000001
2025-11-17 05:50:58,123.3,123.1,127.0,047,59.9,2.28,37.7,00000001
2025-11-17 05:51:29,123.4,123.4,127.0,047,60.0,2.28,37.8,00000001
2025-11-17 05:52:00,123.4,123.4,127.0,046,60.1,2.28,37.9,00000001
2025-11-17 05:52:31,122.2,122.1,127.0,046,60.0,2.27,38.0,00000001
2025-11-17 05:53:02,122.0,122.1,127.4,046,59.9,2.28,38.1,00000001
2025-11-17 05:53:34,122.1,122.0,127.0,047,59.9,2.28,38.2,00000001
2025-11-17 05:54:05,122.1,122.1,127.2,046,59.8,2.28,38.2,00000001
2025-11-17 05:54:36,123.3,123.3,126.5,046,59.9,2.28,38.3,00000001
2025-11-17 05:55:07,123.3,123.2,127.0,047,59.9,2.28,38.4,00000001
2025-11-17 05:55:38,123.2,123.1,127.0,047,59.9,2.28,38.4,00000001
2025-11-17 05:56:09,122.3,122.2,127.0,047,59.9,2.28,38.6,00000001
2025-11-17 05:56:40,122.5,122.5,127.2,047,60.1,2.28,38.4,00000001
2025-11-17 05:57:11,122.4,122.4,127.0,047,59.9,2.28,38.2,00000001
2025-11-17 05:57:42,122.8,122.8,127.2,047,60.1,2.27,37.8,00000001
2025-11-17 05:58:13,122.6,122.6,127.2,046,59.9,2.28,37.5,00000001
2025-11-17 05:58:44,122.4,122.4,127.2,046,59.9,2.28,37.2,00000001
2025-11-17 05:59:15,122.9,122.9,126.7,046,59.9,2.28,37.0,00000001
2025-11-17 05:59:46,123.0,123.0,127.2,046,60.0,2.28,36.7,00000001
2025-11-17 06:00:17,124.0,123.8,127.2,046,60.1,2.28,36.5,00000001
2025-11-17 06:00:48,123.8,123.6,127.2,046,60.1,2.28,36.4,00000001
2025-11-17 06:01:19,123.8,123.8,126.3,046,59.9,2.28,36.4,00000001
2025-11-17 06:01:50,123.8,123.6,127.0,046,60.1,2.28,36.5,00000001
2025-11-17 06:02:21,123.7,123.6,127.0,047,59.9,2.28,36.6,00000001
2025-11-17 06:02:52,123.6,123.5,127.2,047,60.0,2.27,36.8,00000001
2025-11-17 06:03:23,123.7,123.7,127.0,047,60.0,2.28,36.9,00000001
2025-11-17 06:03:54,123.4,123.5,126.7,047,59.9,2.28,37.0,00000001
2025-11-17 06:04:25,123.6,123.6,126.7,047,59.9,2.28,37.2,00000001
2025-11-17 06:04:56,123.3,122.8,126.7,047,59.9,2.28,37.3,00000001
2025-11-17 06:05:27,123.3,123.5,127.2,047,59.9,2.28,37.5,00000001
2025-11-17 06:05:58,123.3,123.4,127.2,048,59.9,2.28,37.6,00000001
2025-11-17 06:06:29,122.9,123.3,127.0,046,59.8,2.28,37.8,00000001
2025-11-17 06:07:00,122.2,122.5,127.4,048,60.0,2.28,37.9,00000001
2025-11-17 06:07:31,122.4,122.2,127.0,047,60.0,2.28,38.0,00000001
2025-11-17 06:08:02,122.2,122.0,127.2,047,59.9,2.27,38.1,00000001
2025-11-17 06:08:33,121.7,121.8,127.2,048,59.9,2.28,38.2,00000001
2025-11-17 06:09:04,122.9,122.9,127.0,047,59.9,2.28,38.2,00000001
2025-11-17 06:09:35,123.2,123.0,127.2,047,59.9,2.28,38.3,00000001
2025-11-17 06:10:07,123.3,123.3,127.2,047,60.0,2.28,38.4,00000001
2025-11-17 06:10:38,123.2,123.2,127.2,047,59.9,2.28,38.4,00000001
2025-11-17 06:11:09,122.3,122.5,127.0,047,59.8,2.28,38.5,00000001
2025-11-17 06:11:40,122.3,122.3,127.4,047,60.0,2.28,38.5,00000001
2025-11-17 06:12:11,122.2,122.1,126.7,046,59.9,2.28,38.2,00000001
2025-11-17 06:12:42,122.0,122.0,127.0,046,59.9,2.28,37.9,00000001
2025-11-17 06:13:13,122.1,122.1,127.0,047,59.9,2.28,37.6,00000001
2025-11-17 06:13:44,122.1,122.1,126.7,046,59.9,2.28,37.3,00000001
2025-11-17 06:14:15,122.1,122.1,127.2,046,59.9,2.28,37.1,00000001
2025-11-17 06:14:46,122.2,122.2,127.2,047,59.9,2.28,36.9,00000001
2025-11-17 06:15:17,123.0,123.0,127.2,047,59.9,2.28,36.6,00000001
2025-11-17 06:15:48,123.0,123.0,126.7,046,59.9,2.28,36.5,00000001
2025-11-17 06:16:19,122.9,123.1,127.0,047,59.9,2.28,36.5,00000001
2025-11-17 06:16:50,123.0,122.9,127.0,047,59.9,2.28,36.5,00000001
2025-11-17 06:17:21,122.8,122.8,127.0,047,59.9,2.28,36.7,00000001
2025-11-17 06:17:52,122.7,122.7,126.7,046,60.0,2.27,36.8,00000001
2025-11-17 06:18:23,122.7,122.7,127.2,047,60.0,2.28,37.0,00000001
2025-11-17 06:18:54,122.8,122.8,127.4,047,60.0,2.28,37.1,00000001
2025-11-17 06:19:25,122.7,122.6,127.2,047,59.9,2.28,37.2,00000001
2025-11-17 06:19:56,122.3,122.5,127.0,047,59.9,2.28,37.4,00000001
2025-11-17 06:20:27,122.6,122.6,127.0,047,59.9,2.28,37.6,00000001
2025-11-17 06:20:58,122.7,122.7,127.0,047,60.1,2.28,37.7,00000001
2025-11-17 06:21:29,122.6,122.8,126.7,048,60.0,2.28,37.9,00000001
2025-11-17 06:22:00,122.7,122.4,127.0,048,59.9,2.28,38.1,00000001
2025-11-17 06:22:31,121.6,121.6,126.7,048,60.1,2.28,38.2,00000001
2025-11-17 06:23:02,121.5,121.5,126.7,047,59.9,2.27,38.2,00000001
2025-11-17 06:23:33,121.8,121.8,127.4,047,60.0,2.28,38.3,00000001
2025-11-17 06:24:04,121.8,121.9,127.2,047,59.9,2.28,38.4,00000001
2025-11-17 06:24:35,123.1,123.3,127.2,047,59.9,2.28,38.4,00000001
2025-11-17 06:25:06,123.0,123.0,127.2,047,59.9,2.28,38.5,00000001
2025-11-17 06:25:37,122.9,123.3,127.0,047,60.0,2.28,38.5,00000001
2025-11-17 06:26:08,121.8,121.8,126.7,047,59.9,2.28,38.6,00000001
2025-11-17 06:26:39,121.7,121.9,127.0,048,59.8,2.28,38.5,00000001
2025-11-17 06:27:10,122.0,122.0,127.0,046,59.8,2.28,38.3,00000001
2025-11-17 06:27:42,121.7,121.8,126.7,048,59.9,2.28,38.0,00000001
2025-11-17 06:28:13,121.8,122.0,126.7,046,59.9,2.27,37.6,00000001
2025-11-17 06:28:44,122.2,122.1,127.2,047,59.8,2.28,37.3,00000001
2025-11-17 06:29:15,121.9,121.9,127.0,047,59.8,2.28,37.1,00000001
2025-11-17 06:29:46,122.1,122.1,127.0,047,59.9,2.28,36.8,00000001
2025-11-17 06:30:17,123.0,123.0,127.0,047,60.0,2.28,36.6,00000001
2025-11-17 06:30:48,123.2,123.2,127.0,047,60.0,2.28,36.5,00000001
2025-11-17 06:31:19,123.1,123.1,127.0,047,59.9,2.28,36.6,00000001
2025-11-17 06:31:50,123.0,123.0,127.0,047,60.0,2.28,36.6,00000001
2025-11-17 06:32:21,122.9,122.9,126.7,047,60.0,2.28,36.8,00000001
2025-11-17 06:32:52,122.5,122.5,127.0,047,59.9,2.28,36.9,00000001
2025-11-17 06:33:23,122.7,122.7,127.2,047,60.0,2.27,37.0,00000001
2025-11-17 06:33:54,122.5,122.4,127.4,046,60.0,2.28,37.1,00000001
2025-11-17 06:34:25,122.7,122.9,127.2,047,60.0,2.28,37.2,00000001
2025-11-17 06:34:56,122.6,122.5,127.0,046,60.0,2.28,37.4,00000001
2025-11-17 06:35:27,122.3,122.5,126.7,047,60.0,2.28,37.6,00000001
2025-11-17 06:35:58,122.3,122.3,127.0,047,60.0,2.28,37.7,00000001
2025-11-17 06:36:29,121.0,121.1,127.2,047,59.9,2.28,37.8,00000001
2025-11-17 06:37:00,121.1,121.1,127.2,046,60.0,2.28,38.0,00000001
2025-11-17 06:37:31,121.4,121.3,127.2,046,60.0,2.28,38.1,00000001
2025-11-17 06:38:02,121.3,121.1,127.2,046,60.0,2.27,38.2,00000001
2025-11-17 06:38:33,122.3,122.3,127.0,046,60.1,2.28,38.2,00000001
2025-11-17 06:39:04,122.3,122.4,127.0,047,60.0,2.28,38.3,00000001
2025-11-17 06:39:35,122.3,122.2,127.0,047,60.0,2.28,38.4,00000001
2025-11-17 06:40:06,122.2,122.3,127.2,048,60.0,2.28,38.5,00000001
2025-11-17 06:40:37,122.2,122.2,127.2,047,60.0,2.28,38.5,00000001
2025-11-17 06:41:08,121.6,121.4,127.7,048,60.1,2.28,38.6,00000001
2025-11-17 06:41:39,121.7,121.5,127.2,046,60.2,2.28,38.6,00000001
2025-11-17 06:42:10,121.7,121.7,127.2,046,59.9,2.28,38.4,00000001
2025-11-17 06:42:41,121.7,121.4,127.0,049,60.1,2.28,38.1,00000001
2025-11-17 06:43:12,121.6,121.7,126.5,047,60.0,2.28,37.8,00000001
2025-11-17 06:43:43,121.6,121.6,127.2,048,60.0,2.28,37.5,00000001
2025-11-17 06:44:14,121.6,121.7,127.4,047,59.9,2.28,37.2,00000001
2025-11-17 06:44:46,121.7,121.7,127.2,047,60.0,2.28,37.0,00000001
2025-11-17 06:45:17,121.6,121.7,127.2,046,60.0,2.28,36.8,00000001
2025-11-17 06:45:48,122.6,122.6,127.2,046,60.1,2.28,36.8,00000001
2025-11-17 06:46:19,122.7,122.7,127.4,046,60.1,2.28,36.7,00000001
2025-11-17 06:46:50,122.7,122.7,127.0,046,59.8,2.28,36.8,00000001
2025-11-17 06:47:21,122.7,122.7,127.2,048,59.9,2.28,36.8,00000001
2025-11-17 06:47:52,122.6,122.6,127.0,047,59.8,2.28,36.9,00000001
2025-11-17 06:48:23,122.6,122.6,126.7,048,59.9,2.27,37.0,00000001
2025-11-17 06:48:54,122.7,122.6,127.0,047,59.9,2.28,37.1,00000001
2025-11-17 06:49:25,122.8,122.9,126.7,046,59.9,2.28,37.3,00000001
2025-11-17 06:49:56,122.7,122.6,126.7,046,60.0,2.28,37.5,00000001
2025-11-17 06:50:27,122.7,122.5,127.0,046,60.0,2.28,37.6,00000001
2025-11-17 06:50:58,122.7,122.6,127.2,047,60.0,2.28,37.8,00000001
2025-11-17 06:51:29,121.3,121.2,127.4,047,60.0,2.28,37.9,00000001
2025-11-17 06:52:00,121.4,121.3,127.0,047,60.1,2.28,38.0,00000001
2025-11-17 06:52:31,120.9,121.0,127.2,048,59.9,2.28,38.1,00000001
2025-11-17 06:53:02,120.8,121.1,127.2,048,59.9,2.28,38.2,00000001
2025-11-17 06:53:33,122.3,122.2,127.2,047,60.1,2.27,38.3,00000001
2025-11-17 06:54:04,122.2,122.4,126.7,047,60.0,2.28,38.4,00000001
2025-11-17 06:54:35,121.9,122.0,127.0,046,60.0,2.28,38.5,00000001
2025-11-17 06:55:06,122.1,122.3,127.2,046,60.0,2.28,38.6,00000001
2025-11-17 06:55:37,122.3,122.3,127.4,048,60.0,2.28,38.6,00000001
2025-11-17 06:56:08,121.5,121.4,127.2,047,60.0,2.28,38.6,00000001
2025-11-17 06:56:39,121.3,121.4,127.0,047,60.0,2.28,38.6,00000001
2025-11-17 06:57:10,121.2,121.1,127.0,047,59.9,2.28,38.4,00000001
2025-11-17 06:57:41,121.5,121.4,127.4,047,59.9,2.28,38.1,00000001
2025-11-17 06:58:12,121.0,121.1,127.2,047,59.8,2.28,37.8,00000001
2025-11-17 06:58:43,121.3,121.3,127.2,047,59.9,2.28,37.6,00000001
2025-11-17 06:59:14,121.2,121.2,127.4,047,60.0,2.28,37.4,00000001
2025-11-17 06:59:45,120.9,121.0,126.7,047,59.9,2.28,37.2,00000001
2025-11-17 07:00:16,121.2,121.5,127.2,047,59.9,2.28,37.0,00000001
2025-11-17 07:00:47,122.4,122.4,126.7,046,60.0,2.28,36.9,00000001
2025-11-17 07:01:18,122.4,122.4,127.0,046,59.9,2.28,36.9,00000001
2025-11-17 07:01:50,122.3,122.3,127.0,046,59.9,2.28,36.9,00000001
2025-11-17 07:02:21,122.5,122.5,127.0,048,59.9,2.28,37.0,00000001
2025-11-17 07:02:52,122.2,122.2,126.7,047,59.9,2.28,37.0,00000001
2025-11-17 07:03:23,122.2,122.2,126.7,046,59.9,2.27,37.1,00000001
2025-11-17 07:03:54,122.0,122.0,127.0,048,59.9,2.28,37.2,00000001
2025-11-17 07:04:25,122.1,122.1,127.2,048,60.0,2.28,37.3,00000001
2025-11-17 07:04:56,121.1,121.1,127.2,047,60.0,2.28,37.5,00000001
2025-11-17 07:05:27,121.5,121.5,126.7,046,59.9,2.28,37.7,00000001
2025-11-17 07:05:58,121.7,121.5,126.7,047,59.9,2.28,37.8,00000001
2025-11-17 07:06:29,121.3,121.3,126.7,047,59.9,2.28,38.0,00000001
2025-11-17 07:07:00,122.3,122.2,126.7,046,59.9,2.28,38.1,00000001
2025-11-17 07:07:31,122.5,122.5,127.0,046,59.9,2.28,38.2,00000001
2025-11-17 07:08:02,122.7,122.6,127.0,047,59.8,2.28,38.3,00000001
2025-11-17 07:08:33,122.9,122.9,127.0,048,59.9,2.28,38.4,00000001
2025-11-17 07:09:04,122.7,122.6,127.0,047,59.9,2.28,38.4,00000001
2025-11-17 07:09:35,122.8,122.7,127.4,047,60.0,2.28,38.5,00000001
2025-11-17 07:10:06,122.5,122.8,127.2,046,59.9,2.28,38.6,00000001
2025-11-17 07:10:37,122.4,122.7,127.2,046,59.9,2.28,38.6,00000001
2025-11-17 07:11:08,121.5,121.6,127.0,048,59.9,2.28,38.7,00000001
2025-11-17 07:11:39,121.6,121.5,126.7,047,59.9,2.28,38.6,00000001
2025-11-17 07:12:10,121.5,121.5,126.7,046,59.9,2.28,38.4,00000001
2025-11-17 07:12:41,121.4,121.4,127.0,046,59.9,2.28,38.1,00000001
2025-11-17 07:13:12,121.1,120.9,127.2,047,59.9,2.28,37.8,00000001
2025-11-17 07:13:43,121.3,121.4,126.7,048,59.9,2.27,37.6,00000001
2025-11-17 07:14:14,121.1,121.3,127.0,047,59.9,2.28,37.4,00000001
2025-11-17 07:14:45,121.4,121.3,127.0,047,60.0,2.28,37.2,00000001
2025-11-17 07:15:16,122.2,122.2,127.0,047,59.9,2.28,36.9,00000001
2025-11-17 07:15:47,122.3,122.3,127.0,046,60.0,2.28,36.8,00000001
2025-11-17 07:16:18,122.2,122.3,126.7,046,59.9,2.28,36.8,00000001
2025-11-17 07:16:49,122.4,122.3,126.7,047,60.0,2.28,36.9,00000001
2025-11-17 07:17:20,122.1,122.1,127.0,047,59.8,2.28,37.0,00000001
2025-11-17 07:17:51,121.9,121.8,126.7,046,59.9,2.28,37.1,00000001
2025-11-17 07:18:22,121.7,121.7,126.7,046,60.0,2.28,37.2,00000001
2025-11-17 07:18:54,121.8,121.8,127.0,049,59.9,2.28,37.3,00000001
2025-11-17 07:19:25,121.9,121.9,127.0,046,59.9,2.28,37.4,00000001
2025-11-17 07:19:56,121.7,121.7,127.2,048,59.9,2.28,37.6,00000001
2025-11-17 07:20:27,120.5,120.5,127.2,048,60.0,2.28,37.7,00000001
2025-11-17 07:20:58,120.6,120.6,126.7,046,59.9,2.28,37.9,00000001
2025-11-17 07:21:29,120.6,120.7,127.2,047,59.9,2.28,38.0,00000001
2025-11-17 07:22:00,120.9,120.9,127.2,047,59.9,2.28,38.1,00000001
2025-11-17 07:22:31,121.9,121.9,127.2,047,60.1,2.28,38.3,00000001
2025-11-17 07:23:02,122.1,121.9,127.0,046,60.0,2.28,38.4,00000001
2025-11-17 07:23:33,122.0,121.9,127.2,047,59.9,2.27,38.4,00000001
2025-11-17 07:24:04,122.1,121.9,127.2,048,60.0,2.28,38.5,00000001
2025-11-17 07:24:35,121.8,121.6,127.0,047,59.9,2.28,38.6,00000001
2025-11-17 07:25:06,122.5,122.4,126.7,047,59.9,2.28,38.7,00000001
2025-11-17 07:25:37,122.4,122.4,127.0,048,59.9,2.28,38.7,00000001
2025-11-17 07:26:08,121.5,121.5,127.0,047,59.9,2.28,38.8,00000001
2025-11-17 07:26:39,121.4,121.5,127.2,046,59.9,2.28,38.7,00000001
2025-11-17 07:27:10,121.3,121.3,127.0,046,59.9,2.28,38.4,00000001
2025-11-17 07:27:41,121.3,121.4,127.0,046,59.9,2.28,38.1,00000001
2025-11-17 07:28:12,121.4,121.3,127.0,045,59.9,2.28,37.8,00000001
2025-11-17 07:28:43,121.3,121.4,127.0,047,59.9,2.27,37.5,00000001
2025-11-17 07:29:14,121.5,121.4,127.0,047,59.9,2.28,37.2,00000001
2025-11-17 07:29:45,121.5,121.6,127.2,046,60.0,2.28,37.1,00000001
2025-11-17 07:30:16,122.1,122.1,127.0,047,59.9,2.28,36.9,00000001
2025-11-17 07:30:47,122.3,122.4,127.2,047,60.0,2.28,36.8,00000001
2025-11-17 07:31:18,122.7,122.4,126.7,046,60.1,2.28,36.8,00000001
2025-11-17 07:31:49,122.6,122.4,127.2,047,60.1,2.28,36.9,00000001
2025-11-17 07:32:20,122.6,122.5,127.0,047,59.9,2.28,37.0,00000001
2025-11-17 07:32:51,122.7,122.7,126.7,047,60.0,2.28,37.1,00000001
2025-11-17 07:33:22,122.6,122.9,126.7,046,59.8,2.28,37.2,00000001
2025-11-17 07:33:53,122.6,122.6,126.7,046,59.9,2.27,37.3,00000001
2025-11-17 07:34:24,122.6,122.6,127.2,047,59.9,2.28,37.4,00000001
2025-11-17 07:34:55,122.8,122.8,127.0,047,59.9,2.28,37.6,00000001
2025-11-17 07:35:27,122.7,122.7,127.2,047,59.9,2.28,37.7,00000001
2025-11-17 07:35:58,121.4,121.4,127.0,047,59.9,2.28,37.8,00000001
2025-11-17 07:36:29,121.3,121.3,127.2,047,59.9,2.28,38.0,00000001
2025-11-17 07:37:00,121.2,121.2,127.0,047,60.0,2.28,38.1,00000001
2025-11-17 07:37:31,121.2,121.2,127.2,047,59.9,2.28,38.2,00000001
2025-11-17 07:38:02,122.4,121.2,127.0,047,59.9,2.28,38.3,00000001
2025-11-17 07:38:33,122.0,122.2,127.0,047,59.8,2.28,38.4,00000001
2025-11-17 07:39:04,122.4,122.1,127.0,048,60.0,2.28,38.5,00000001
2025-11-17 07:39:35,122.5,122.5,127.0,047,59.9,2.28,38.5,00000001
2025-11-17 07:40:06,122.7,122.8,127.0,046,60.0,2.28,38.6,00000001
2025-11-17 07:40:37,122.6,122.6,127.2,047,60.0,2.28,38.7,00000001
2025-11-17 07:41:08,121.7,121.8,127.0,047,59.9,2.28,38.7,00000001
2025-11-17 07:41:39,121.8,121.7,127.0,046,59.9,2.28,38.7,00000001
2025-11-17 07:42:10,121.6,121.6,127.2,047,60.0,2.28,38.4,00000001
2025-11-17 07:42:41,121.3,121.4,127.0,047,59.9,2.28,38.1,00000001
2025-11-17 07:43:12,121.4,121.3,127.2,047,60.0,2.28,37.8,00000001
2025-11-17 07:43:43,121.3,121.4,127.0,047,60.0,2.28,37.5,00000001
2025-11-17 07:44:14,121.1,121.3,127.0,046,60.0,2.28,37.3,00000001
2025-11-17 07:44:45,121.5,121.4,127.0,047,59.9,2.28,37.1,00000001
2025-11-17 07:45:16,122.6,122.2,127.2,047,60.1,2.28,36.9,00000001
2025-11-17 07:45:47,122.1,122.3,126.7,047,59.9,2.28,36.8,00000001
2025-11-17 07:46:18,122.4,122.2,127.2,046,60.0,2.28,36.8,00000001
2025-11-17 07:46:49,122.6,122.6,127.0,047,60.0,2.28,37.0,00000001
2025-11-17 07:47:20,122.5,122.6,126.7,047,60.0,2.28,37.0,00000001
2025-11-17 07:47:51,122.7,122.7,127.2,047,60.0,2.28,37.1,00000001
2025-11-17 07:48:22,122.5,122.8,127.2,047,60.0,2.28,37.2,00000001
2025-11-17 07:48:53,122.2,122.2,127.2,048,60.0,2.27,37.3,00000001
2025-11-17 07:49:24,122.3,122.2,126.7,046,60.0,2.28,37.5,00000001
2025-11-17 07:49:55,122.3,122.1,127.2,046,60.0,2.28,37.6,00000001
2025-11-17 07:50:26,122.0,122.0,127.0,046,59.9,2.28,37.7,00000001
2025-11-17 07:50:57,122.0,122.0,126.7,047,60.0,2.28,37.9,00000001
2025-11-17 07:51:28,120.7,120.7,127.4,046,59.9,2.28,38.0,00000001
2025-11-17 07:51:59,120.8,120.8,127.2,046,60.0,2.28,38.2,00000001
2025-11-17 07:52:31,120.8,120.8,127.2,047,59.9,2.28,38.2,00000001
2025-11-17 07:53:02,120.8,120.8,127.2,047,59.9,2.28,38.3,00000001
2025-11-17 07:53:33,122.1,122.1,127.2,047,59.9,2.28,38.4,00000001
2025-11-17 07:54:04,122.2,122.3,127.2,047,59.9,2.27,38.5,00000001
2025-11-17 07:54:35,122.3,122.1,127.0,047,59.9,2.28,38.6,00000001
2025-11-17 07:55:06,122.1,122.0,127.0,047,59.8,2.28,38.7,00000001
2025-11-17 07:55:37,122.0,122.0,127.2,046,59.9,2.28,38.7,00000001
2025-11-17 07:56:08,121.3,121.3,127.0,046,60.0,2.28,38.8,00000001
2025-11-17 07:56:39,121.1,121.1,127.0,047,59.9,2.28,38.7,00000001
2025-11-17 07:57:10,121.0,121.1,127.0,047,59.8,2.28,38.4,00000001
2025-11-17 07:57:41,121.1,121.0,127.0,047,60.0,2.28,38.1,00000001
2025-11-17 07:58:12,121.0,121.2,126.7,047,59.8,2.28,37.7,00000001
2025-11-17 07:58:43,121.2,121.2,127.0,047,59.9,2.28,37.4,00000001
2025-11-17 07:59:14,121.3,121.2,127.2,047,59.9,2.27,37.2,00000001
2025-11-17 07:59:45,121.2,121.3,127.0,046,59.9,2.28,37.0,00000001
2025-11-17 08:00:16,122.6,122.7,127.0,046,60.0,2.28,36.8,00000001
2025-11-17 08:00:47,122.5,122.5,127.0,047,59.9,2.28,36.7,00000001
2025-11-17 08:01:18,122.4,122.7,127.0,046,59.9,2.28,36.8,00000001
2025-11-17 08:01:49,122.3,122.4,126.7,046,60.0,2.28,36.8,00000001
2025-11-17 08:02:20,122.6,122.4,126.7,047,59.9,2.28,37.0,00000001
2025-11-17 08:02:51,122.4,122.5,126.5,047,59.9,2.28,37.1,00000001
2025-11-17 08:03:22,122.1,122.2,127.0,046,59.9,2.28,37.2,00000001
2025-11-17 08:03:53,122.2,122.1,127.0,047,59.9,2.28,37.3,00000001
2025-11-17 08:04:24,122.0,122.1,127.0,046,59.9,2.28,37.5,00000001
2025-11-17 08:04:55,122.1,122.1,127.0,046,59.9,2.28,37.6,00000001
2025-11-17 08:05:26,122.4,122.2,127.4,047,59.9,2.28,37.7,00000001
2025-11-17 08:05:57,121.2,121.1,127.0,046,59.9,2.28,37.9,00000001
2025-11-17 08:06:28,121.3,121.3,127.0,048,60.0,2.28,38.0,00000001
2025-11-17 08:06:59,121.3,121.3,127.0,046,59.9,2.28,38.2,00000001
2025-11-17 08:07:30,121.3,121.3,127.2,047,60.0,2.28,38.2,00000001
2025-11-17 08:08:01,122.6,122.6,127.2,047,59.9,2.28,38.3,00000001
2025-11-17 08:08:32,122.6,122.6,127.4,047,59.9,2.28,38.4,00000001
2025-11-17 08:09:04,122.8,122.7,127.2,046,59.9,2.27,38.5,00000001
2025-11-17 08:09:35,122.5,122.6,126.7,046,60.0,2.28,38.6,00000001
2025-11-17 08:10:06,122.3,122.5,127.2,047,59.9,2.28,38.6,00000001
2025-11-17 08:10:37,122.5,122.6,127.0,047,60.0,2.28,38.7,00000001
2025-11-17 08:11:08,121.5,121.6,127.2,046,59.9,2.28,38.8,00000001
2025-11-17 08:11:39,121.7,121.7,127.0,046,60.1,2.28,38.6,00000001
2025-11-17 08:12:10,121.2,121.0,127.0,046,59.9,2.28,38.4,00000001
2025-11-17 08:12:41,121.7,121.6,127.0,046,60.0,2.28,38.1,00000001
2025-11-17 08:13:12,121.9,121.8,127.2,047,60.1,2.28,37.8,00000001
2025-11-17 08:13:43,121.6,121.7,127.0,046,60.0,2.28,37.6,00000001
2025-11-17 08:14:14,121.8,121.8,127.2,046,60.0,2.27,37.3,00000001
2025-11-17 08:14:45,121.9,121.8,127.2,048,60.0,2.28,37.0,00000001
2025-11-17 08:15:16,122.6,122.6,126.7,047,59.9,2.28,36.9,00000001
2025-11-17 08:15:47,122.5,122.5,127.2,048,59.9,2.28,36.8,00000001
2025-11-17 08:16:18,122.7,122.5,127.2,046,60.0,2.28,36.9,00000001
2025-11-17 08:16:49,122.8,122.7,127.2,047,60.0,2.28,37.0,00000001
2025-11-17 08:17:20,122.8,122.6,126.7,046,59.9,2.28,37.1,00000001
2025-11-17 08:17:51,122.9,122.9,126.7,047,59.9,2.28,37.2,00000001
2025-11-17 08:18:22,123.0,123.0,127.2,047,60.0,2.28,37.3,00000001
2025-11-17 08:18:53,122.6,122.7,127.0,047,59.9,2.28,37.4,00000001
2025-11-17 08:19:24,122.6,122.7,127.2,046,60.0,2.27,37.5,00000001
2025-11-17 08:19:55,122.8,122.8,127.2,048,60.0,2.28,37.7,00000001
2025-11-17 08:20:26,122.6,122.6,127.2,047,59.9,2.28,37.8,00000001
2025-11-17 08:20:57,121.6,121.7,127.4,049,59.9,2.28,38.0,00000001
2025-11-17 08:21:28,121.9,121.9,127.0,049,60.0,2.28,38.4,00000001
2025-11-17 08:21:59,121.7,121.7,127.2,047,60.0,2.28,38.6,00000001
2025-11-17 08:22:30,121.6,121.6,127.2,046,59.9,2.28,38.7,00000001
2025-11-17 08:23:01,121.4,121.4,127.0,051,59.9,2.28,38.9,00000001
2025-11-17 08:23:32,122.7,122.7,127.2,049,60.0,2.28,39.0,00000001
2025-11-17 08:24:03,122.9,122.9,127.2,049,60.0,2.28,39.1,00000001
2025-11-17 08:24:34,123.0,123.0,127.0,049,60.0,2.27,39.2,00000001
2025-11-17 08:25:05,123.0,123.0,126.7,048,60.0,2.28,39.3,00000001
2025-11-17 08:25:36,123.0,122.9,127.4,047,59.9,2.28,39.2,00000001
2025-11-17 08:26:08,122.0,122.1,126.7,047,60.0,2.28,39.1,00000001
2025-11-17 08:26:39,121.7,121.5,127.0,047,59.9,2.28,38.8,00000001
2025-11-17 08:27:10,121.4,121.6,127.0,047,59.9,2.28,38.5,00000001
2025-11-17 08:27:41,121.7,121.8,127.2,046,59.9,2.28,38.2,00000001
2025-11-17 08:28:12,121.5,121.6,127.2,047,59.9,2.28,37.8,00000001
2025-11-17 08:28:43,121.7,121.8,127.0,047,60.0,2.28,37.5,00000001
2025-11-17 08:29:14,122.0,122.2,127.0,047,59.9,2.28,37.3,00000001
2025-11-17 08:29:45,122.0,121.9,127.0,048,59.8,2.28,37.1,00000001
2025-11-17 08:30:16,122.9,123.0,127.0,047,60.0,2.28,36.9,00000001
2025-11-17 08:30:47,122.8,122.9,126.7,047,60.0,2.28,36.9,00000001
2025-11-17 08:31:18,122.6,122.5,127.4,050,59.9,2.28,37.1,00000001
2025-11-17 08:31:49,122.6,122.6,127.2,048,60.0,2.28,37.3,00000001
2025-11-17 08:32:20,122.7,122.7,127.0,048,59.9,2.28,37.5,00000001
2025-11-17 08:32:51,122.1,122.5,127.2,048,59.9,2.28,37.7,00000001
2025-11-17 08:33:22,122.3,122.6,127.4,048,60.0,2.28,37.8,00000001
2025-11-17 08:33:53,122.6,122.7,127.0,048,59.9,2.28,38.0,00000001
2025-11-17 08:34:24,122.4,122.4,126.7,048,60.0,2.27,38.1,00000001
2025-11-17 08:34:55,122.5,122.3,127.2,047,60.0,2.28,38.3,00000001
2025-11-17 08:35:26,122.7,122.6,126.7,047,59.9,2.28,38.5,00000001
2025-11-17 08:35:57,122.8,122.6,127.2,047,60.0,2.28,38.6,00000001
2025-11-17 08:36:28,121.4,121.5,127.0,047,60.1,2.28,38.8,00000001
2025-11-17 08:36:59,121.6,121.4,127.0,049,60.1,2.28,39.0,00000001
2025-11-17 08:37:30,121.1,121.3,126.7,050,60.0,2.28,39.0,00000001
2025-11-17 08:38:01,121.3,121.3,127.0,048,59.9,2.28,39.1,00000001
2025-11-17 08:38:32,122.6,122.6,127.4,049,60.0,2.28,39.2,00000001
2025-11-17 08:39:03,122.5,122.5,126.7,048,60.0,2.28,39.3,00000001
2025-11-17 08:39:34,122.5,122.5,127.0,049,60.0,2.27,39.4,00000001
2025-11-17 08:40:05,122.3,122.3,126.7,047,59.9,2.28,39.5,00000001
2025-11-17 08:40:36,121.2,121.2,127.2,050,60.1,2.28,39.5,00000001
2025-11-17 08:41:07,121.6,121.6,127.0,050,60.1,2.28,39.5,00000001
2025-11-17 08:41:38,121.4,121.4,127.0,047,59.9,2.28,39.3,00000001
2025-11-17 08:42:09,121.3,121.2,127.0,050,60.0,2.28,39.0,00000001
2025-11-17 08:42:40,121.3,121.2,127.0,048,60.0,2.28,38.6,00000001
2025-11-17 08:43:12,121.2,121.2,127.4,049,60.0,2.28,38.4,00000001
2025-11-17 08:43:43,121.2,121.3,126.7,047,60.0,2.28,38.2,00000001
2025-11-17 08:44:14,121.1,121.3,127.0,047,60.0,2.28,38.0,00000001
2025-11-17 08:44:45,120.8,120.7,127.4,051,60.0,2.27,37.7,00000001
2025-11-17 08:45:16,121.6,121.8,127.4,050,59.9,2.28,37.6,00000001
2025-11-17 08:45:47,121.7,121.7,127.2,047,59.9,2.28,37.6,00000001
2025-11-17 08:46:18,121.7,121.7,126.7,047,59.9,2.28,37.7,00000001
2025-11-17 08:46:49,121.6,121.7,127.0,049,59.9,2.28,37.8,00000001
2025-11-17 08:47:20,121.8,121.8,127.0,049,59.9,2.28,37.9,00000001
2025-11-17 08:47:51,121.8,121.8,127.0,049,59.9,2.28,38.0,00000001
2025-11-17 08:48:22,121.9,121.9,127.2,048,60.0,2.28,38.1,00000001
2025-11-17 08:48:53,121.9,122.0,127.4,047,59.9,2.28,38.2,00000001
2025-11-17 08:49:24,121.9,121.9,127.0,050,59.9,2.28,38.3,00000001
2025-11-17 08:49:55,122.0,122.0,127.0,049,60.0,2.28,38.5,00000001
2025-11-17 08:50:26,121.2,121.8,127.2,049,59.9,2.28,38.6,00000001
2025-11-17 08:50:57,120.9,120.8,127.0,046,60.0,2.28,38.8,00000001
2025-11-17 08:51:28,120.6,120.8,127.0,046,59.9,2.28,39.0,00000001
2025-11-17 08:51:59,120.3,120.5,127.2,049,59.9,2.28,39.1,00000001
2025-11-17 08:52:30,121.6,120.3,127.0,047,59.9,2.28,39.2,00000001
2025-11-17 08:53:01,121.5,121.7,126.7,049,60.0,2.28,39.3,00000001
2025-11-17 08:53:32,121.4,121.3,126.7,047,60.0,2.28,39.4,00000001
2025-11-17 08:54:03,121.9,121.7,126.7,048,60.0,2.28,39.5,00000001
2025-11-17 08:54:34,121.6,121.6,127.0,047,60.0,2.28,39.5,00000001
2025-11-17 08:55:05,121.7,121.7,127.0,051,60.0,2.28,39.6,00000001
2025-11-17 08:55:36,120.6,120.6,126.7,050,60.0,2.28,39.7,00000001
2025-11-17 08:56:07,120.7,120.7,126.7,050,60.0,2.28,39.6,00000001
2025-11-17 08:56:38,120.5,120.5,127.4,051,60.1,2.28,39.3,00000001
2025-11-17 08:57:09,120.4,120.4,127.0,047,60.0,2.28,39.0,00000001
2025-11-17 08:57:40,120.5,120.5,127.2,047,59.9,2.28,38.6,00000001
2025-11-17 08:58:11,120.6,120.6,126.7,048,59.9,2.28,38.4,00000001
2025-11-17 08:58:42,120.8,120.9,127.2,047,60.0,2.28,38.1,00000001
2025-11-17 08:59:13,120.5,120.5,127.0,050,60.1,2.28,37.9,00000001
2025-11-17 08:59:44,121.3,120.5,126.3,049,59.9,2.28,37.7,00000001
2025-11-17 09:00:16,121.6,121.6,127.4,048,60.0,2.28,37.7,00000001
2025-11-17 09:00:47,121.7,121.4,127.0,049,60.0,2.28,37.7,00000001
2025-11-17 09:01:18,121.5,121.4,127.2,048,59.8,2.28,37.8,00000001
2025-11-17 09:01:49,121.7,121.6,127.0,048,60.0,2.28,38.0,00000001
2025-11-17 09:02:20,121.6,121.4,127.0,049,59.9,2.28,38.1,00000001
2025-11-17 09:02:51,121.3,121.4,127.0,049,59.9,2.28,38.2,00000001
2025-11-17 09:03:22,121.7,121.4,126.3,048,59.9,2.28,38.3,00000001
2025-11-17 09:03:53,121.5,121.3,127.4,050,60.0,2.28,38.4,00000001
2025-11-17 09:04:24,121.2,121.2,127.2,050,59.9,2.28,38.5,00000001
2025-11-17 09:04:55,120.3,120.3,127.0,048,59.9,2.27,38.7,00000001
2025-11-17 09:05:26,120.1,120.0,127.0,047,59.9,2.28,38.8,00000001
2025-11-17 09:05:57,120.4,120.2,127.0,048,60.0,2.28,39.1,00000001
2025-11-17 09:06:28,120.2,120.3,127.0,050,60.0,2.28,39.2,00000001
2025-11-17 09:06:59,121.5,121.5,127.4,050,59.9,2.28,39.3,00000001
2025-11-17 09:07:30,121.2,121.3,127.0,050,59.9,2.28,39.5,00000001
2025-11-17 09:08:01,121.3,121.4,126.7,050,59.9,2.28,39.6,00000001
2025-11-17 09:08:32,121.2,121.2,126.5,050,60.0,2.28,39.6,00000001
2025-11-17 09:09:03,121.1,121.3,127.0,049,59.9,2.28,39.7,00000001
2025-11-17 09:09:34,121.4,121.4,127.4,049,59.9,2.28,39.8,00000001
2025-11-17 09:10:05,120.3,120.3,127.2,048,59.9,2.28,39.9,00000001
2025-11-17 09:10:36,120.4,120.4,126.7,048,59.9,2.28,39.9,00000001
2025-11-17 09:11:07,120.2,120.4,127.2,048,59.9,2.28,39.6,00000001
2025-11-17 09:11:38,120.3,120.3,126.7,049,59.9,2.28,39.2,00000001
2025-11-17 09:12:09,120.5,120.5,127.0,049,59.9,2.28,38.8,00000001
2025-11-17 09:12:40,120.6,120.6,127.4,049,59.9,2.28,38.6,00000001
2025-11-17 09:13:11,120.3,120.3,126.7,048,59.9,2.28,38.4,00000001
2025-11-17 09:13:42,120.4,120.4,127.2,049,59.9,2.28,38.2,00000001
2025-11-17 09:14:13,120.5,120.5,127.0,048,59.9,2.28,38.0,00000001
2025-11-17 09:14:44,121.4,121.3,126.7,049,59.9,2.27,37.9,00000001
2025-11-17 09:15:15,121.3,121.4,127.2,049,60.0,2.28,37.9,00000001
2025-11-17 09:15:46,121.2,121.2,126.7,046,59.9,2.28,38.0,00000001
2025-11-17 09:16:17,121.4,121.3,126.7,048,59.9,2.28,38.1,00000001
2025-11-17 09:16:48,121.2,121.5,127.0,049,59.9,2.28,38.2,00000001
2025-11-17 09:17:20,121.4,121.2,127.4,049,59.9,2.28,38.3,00000001
2025-11-17 09:17:51,121.6,121.7,127.0,047,60.0,2.28,38.4,00000001
2025-11-17 09:18:22,121.6,121.6,127.0,049,59.9,2.28,38.5,00000001
2025-11-17 09:18:53,121.7,121.6,127.0,048,60.0,2.28,38.7,00000001
2025-11-17 09:19:24,120.3,120.4,127.2,047,59.9,2.28,38.8,00000001
2025-11-17 09:19:55,120.5,120.4,127.4,049,59.9,2.27,38.9,00000001
2025-11-17 09:20:26,120.5,120.5,127.0,049,60.0,2.28,39.1,00000001
2025-11-17 09:20:57,120.6,120.2,127.4,049,60.1,2.28,39.2,00000001
2025-11-17 09:21:28,121.4,121.8,127.2,050,59.9,2.28,39.4,00000001
2025-11-17 09:21:59,121.6,121.5,127.2,051,59.9,2.28,39.5,00000001
2025-11-17 09:22:30,121.7,121.6,126.7,051,60.0,2.28,39.7,00000001
2025-11-17 09:23:01,121.9,121.7,127.0,048,60.0,2.28,39.8,00000001
2025-11-17 09:23:32,121.5,121.7,127.0,049,59.9,2.28,39.9,00000001
2025-11-17 09:24:03,121.5,121.6,127.0,049,59.9,2.28,39.9,00000001
2025-11-17 09:24:34,120.6,120.6,127.0,049,60.0,2.28,40.0,00000001
2025-11-17 09:25:05,120.5,120.8,127.2,049,60.0,2.28,40.0,00000001
2025-11-17 09:25:36,120.7,120.7,127.2,049,60.0,2.28,39.6,00000001
2025-11-17 09:26:07,120.3,120.2,127.0,050,60.0,2.28,39.2,00000001
2025-11-17 09:26:38,120.3,120.6,126.7,049,60.0,2.28,38.9,00000001
2025-11-17 09:27:09,120.5,120.6,127.2,049,60.0,2.28,38.6,00000001
2025-11-17 09:27:40,120.5,120.5,126.7,048,60.0,2.28,38.4,00000001
2025-11-17 09:28:11,120.1,120.1,127.2,048,60.0,2.28,38.2,00000001
2025-11-17 09:28:42,120.4,120.4,126.7,046,60.0,2.28,38.1,00000001
2025-11-17 09:29:13,121.2,121.2,127.0,048,60.0,2.28,38.0,00000001
2025-11-17 09:29:44,121.0,121.0,127.2,050,59.9,2.28,38.0,00000001
2025-11-17 09:30:15,121.0,121.0,127.2,049,60.0,2.27,38.0,00000001
2025-11-17 09:30:46,121.2,121.2,127.4,049,60.0,2.28,38.1,00000001
2025-11-17 09:31:17,121.3,121.3,127.0,050,60.0,2.28,38.2,00000001
2025-11-17 09:31:48,121.2,121.2,127.2,050,59.9,2.28,38.3,00000001
2025-11-17 09:32:19,121.3,121.5,126.5,046,59.9,2.28,38.4,00000001
2025-11-17 09:32:50,121.5,121.4,127.2,048,60.1,2.28,38.5,00000001
2025-11-17 09:33:21,121.3,121.4,127.0,048,59.9,2.28,38.6,00000001
2025-11-17 09:33:52,121.5,121.5,127.2,047,59.9,2.28,38.7,00000001
2025-11-17 09:34:23,120.2,120.2,127.0,050,60.0,2.28,38.9,00000001
2025-11-17 09:34:54,120.3,120.3,126.7,050,59.9,2.27,39.0,00000001
2025-11-17 09:35:26,119.9,119.7,127.2,051,60.0,2.28,39.2,00000001
2025-11-17 09:35:57,119.7,119.9,127.2,051,59.9,2.28,39.3,00000001
2025-11-17 09:36:28,121.3,121.0,127.2,047,60.0,2.28,39.5,00000001
2025-11-17 09:36:59,121.3,121.0,127.0,048,60.0,2.28,39.6,00000001
2025-11-17 09:37:30,121.3,121.3,126.7,048,59.9,2.28,39.7,00000001
2025-11-17 09:38:01,121.5,121.4,127.0,048,60.0,2.28,39.8,00000001
2025-11-17 09:38:32,121.2,121.3,127.0,049,59.9,2.28,39.9,00000001
2025-11-17 09:39:03,120.3,120.3,127.0,049,60.0,2.28,40.0,00000001
2025-11-17 09:39:34,120.2,120.2,126.7,048,59.9,2.28,40.0,00000001
2025-11-17 09:40:05,120.9,120.8,126.7,049,59.9,2.27,39.7,00000001
2025-11-17 09:40:36,120.9,121.0,126.5,047,59.9,2.28,39.4,00000001
2025-11-17 09:41:07,121.0,120.9,127.0,049,59.9,2.28,39.1,00000001
2025-11-17 09:41:38,120.7,120.9,127.2,048,60.0,2.28,38.8,00000001
2025-11-17 09:42:09,120.7,120.8,127.2,049,59.9,2.28,38.6,00000001
2025-11-17 09:42:40,120.6,120.6,127.0,049,59.9,2.28,38.3,00000001
2025-11-17 09:43:11,120.6,120.6,127.0,048,59.9,2.28,38.1,00000001
2025-11-17 09:43:42,121.5,121.5,127.0,050,60.0,2.28,38.0,00000001
2025-11-17 09:44:13,121.8,121.7,126.7,049,59.9,2.28,38.0,00000001
2025-11-17 09:44:44,121.8,121.8,127.0,048,59.9,2.28,38.0,00000001
2025-11-17 09:45:15,121.8,121.8,127.0,048,59.9,2.27,38.1,00000001
2025-11-17 09:45:46,121.6,121.6,127.2,049,59.9,2.28,38.2,00000001
2025-11-17 09:46:17,121.9,121.9,126.7,049,60.1,2.28,38.4,00000001
2025-11-17 09:46:48,121.8,121.8,127.2,048,59.9,2.28,38.5,00000001
2025-11-17 09:47:19,121.7,121.7,127.0,048,59.9,2.28,38.6,00000001
2025-11-17 09:47:50,121.9,122.0,126.7,049,59.9,2.28,38.7,00000001
2025-11-17 09:48:21,121.8,121.8,127.2,048,59.9,2.28,38.8,00000001
2025-11-17 09:48:52,120.7,120.8,126.7,050,59.9,2.28,38.9,00000001
2025-11-17 09:49:23,120.4,120.3,127.2,050,60.1,2.28,39.1,00000001
2025-11-17 09:49:54,120.4,120.3,126.7,051,59.9,2.28,39.2,00000001
2025-11-17 09:50:25,120.5,120.3,127.2,052,59.9,2.27,39.3,00000001
2025-11-17 09:50:56,121.5,121.6,127.0,047,60.0,2.28,39.5,00000001
2025-11-17 09:51:27,121.2,121.3,126.7,048,59.9,2.28,39.6,00000001
2025-11-17 09:51:58,121.3,121.6,127.0,047,59.9,2.28,39.7,00000001
2025-11-17 09:52:30,121.9,121.5,127.2,051,60.0,2.28,39.8,00000001
2025-11-17 09:53:01,121.5,121.4,127.2,049,59.9,2.28,39.9,00000001
2025-11-17 09:53:32,120.7,120.8,127.2,049,60.0,2.28,40.0,00000001
2025-11-17 09:54:03,120.8,120.7,126.7,047,59.9,2.28,40.0,00000001
2025-11-17 09:54:34,120.8,120.8,126.7,048,60.0,2.28,39.7,00000001
2025-11-17 09:55:05,120.8,120.7,127.0,047,59.9,2.28,39.3,00000001
2025-11-17 09:55:36,120.9,120.8,127.0,048,60.0,2.28,39.1,00000001
2025-11-17 09:56:07,120.7,120.7,127.4,047,59.9,2.28,38.7,00000001
2025-11-17 09:56:38,120.8,120.7,127.2,048,59.9,2.28,38.5,00000001
2025-11-17 09:57:09,120.8,120.8,127.0,048,60.1,2.28,38.3,00000001
2025-11-17 09:57:40,120.7,120.5,127.0,047,60.0,2.28,38.1,00000001
2025-11-17 09:58:11,121.4,121.7,126.7,046,59.9,2.28,37.9,00000001
2025-11-17 09:58:42,121.7,121.4,127.2,046,59.9,2.28,37.8,00000001
2025-11-17 09:59:13,121.7,121.7,126.7,047,60.0,2.28,37.8,00000001
2025-11-17 09:59:44,121.6,121.6,127.0,047,60.0,2.28,38.0,00000001
2025-11-17 10:00:15,121.8,121.8,126.7,051,60.0,2.27,38.2,00000001
2025-11-17 10:00:46,121.6,121.6,127.0,050,59.9,2.28,38.3,00000001
2025-11-17 10:01:17,121.8,121.7,127.4,048,59.9,2.28,38.4,00000001
2025-11-17 10:01:48,121.8,121.8,127.2,047,60.0,2.28,38.5,00000001
2025-11-17 10:02:19,121.7,121.7,127.2,049,60.1,2.28,38.7,00000001
2025-11-17 10:02:50,121.8,121.8,127.0,048,60.1,2.28,38.8,00000001
2025-11-17 10:03:21,121.1,121.1,126.7,046,59.9,2.28,39.0,00000001
2025-11-17 10:03:52,120.8,120.8,126.7,050,60.0,2.28,39.2,00000001
2025-11-17 10:04:23,120.7,120.7,127.0,050,60.0,2.28,39.4,00000001
2025-11-17 10:04:54,120.6,120.9,127.0,050,59.9,2.28,39.5,00000001
2025-11-17 10:05:25,120.7,120.6,127.2,049,59.9,2.27,39.7,00000001
2025-11-17 10:05:56,122.0,122.2,127.0,049,59.9,2.28,39.7,00000001
2025-11-17 10:06:27,122.0,122.0,127.0,049,60.0,2.28,39.9,00000001
2025-11-17 10:06:58,122.1,122.2,127.2,048,59.9,2.28,40.0,00000001
2025-11-17 10:07:29,122.3,122.3,127.0,048,59.9,2.28,40.0,00000001
2025-11-17 10:08:00,121.8,121.8,127.2,048,59.9,2.28,40.1,00000001
2025-11-17 10:08:31,121.5,121.3,127.2,048,59.9,2.28,40.1,00000001
2025-11-17 10:09:02,121.8,121.5,127.4,048,60.1,2.28,39.8,00000001
2025-11-17 10:09:33,121.7,121.7,127.0,048,59.9,2.28,39.5,00000001
2025-11-17 10:10:04,121.2,121.3,126.7,050,59.9,2.28,39.2,00000001
2025-11-17 10:10:36,121.3,121.1,126.7,052,60.1,2.27,38.9,00000001
2025-11-17 10:11:07,121.1,121.0,127.0,051,60.1,2.28,38.7,00000001
2025-11-17 10:11:38,121.3,121.5,127.0,050,60.0,2.28,38.4,00000001
2025-11-17 10:12:09,121.1,121.2,127.0,049,59.9,2.28,38.3,00000001
2025-11-17 10:12:40,120.8,121.0,127.4,048,60.0,2.28,38.1,00000001
2025-11-17 10:13:11,121.8,121.8,127.7,048,59.9,2.28,38.0,00000001
2025-11-17 10:13:42,121.9,121.9,126.7,048,59.9,2.28,38.0,00000001
2025-11-17 10:14:13,121.9,122.0,127.0,049,59.9,2.28,38.2,00000001
2025-11-17 10:14:44,122.0,121.9,127.0,049,59.9,2.28,38.3,00000001
2025-11-17 10:15:15,122.0,122.0,126.7,048,60.0,2.28,38.4,00000001
2025-11-17 10:15:46,121.7,122.0,127.0,048,59.9,2.27,38.6,00000001
2025-11-17 10:16:17,122.0,122.0,127.0,047,59.9,2.28,38.7,00000001
2025-11-17 10:16:48,122.1,122.1,127.2,047,59.9,2.28,38.9,00000001
2025-11-17 10:17:19,120.8,120.8,127.2,047,59.9,2.28,39.0,00000001
2025-11-17 10:17:50,120.6,120.7,127.0,047,59.9,2.28,39.1,00000001
2025-11-17 10:18:21,120.9,120.9,127.2,051,60.0,2.28,39.2,00000001
2025-11-17 10:18:52,120.8,120.8,127.0,050,59.9,2.28,39.4,00000001
2025-11-17 10:19:23,120.9,120.9,127.0,051,60.0,2.28,39.5,00000001
2025-11-17 10:19:54,122.0,122.0,127.0,049,60.0,2.28,39.7,00000001
